CREATE TABLE SUBPARTICLES (
    SUBPARTICLE_NAME_ID VARCHAR2(255) NOT NULL,
    SUBPARTICLE_MASS_MeVC2 NUMBER,
    SUBPARTICLE_MASS_GeVC2 NUMBER,
    SUBPARTICLE_CHARGE NUMBER NOT NULL,
    SUBPARTICLE_SPIN NUMBER NOT NULL,
    SUBPARTICLE_FAMILY VARCHAR(255) NOT NULL
);

ALTER TABLE SUBPARTICLES ADD CONSTRAINT subparticle_id_pk PRIMARY KEY (SUBPARTICLE_NAME_ID);

COMMENT ON TABLE SUBPARTICLES IS 'Subparticles of Standard Model.';

-- Quarks:
INSERT INTO SUBPARTICLES (SUBPARTICLE_NAME_ID, SUBPARTICLE_MASS_MeVC2, SUBPARTICLE_MASS_GeVC2, SUBPARTICLE_CHARGE, SUBPARTICLE_SPIN, SUBPARTICLE_FAMILY) VALUES ('Up', 2.2, NULL, 0.6666666666666667, 0.5, 'Quark');
INSERT INTO SUBPARTICLES (SUBPARTICLE_NAME_ID, SUBPARTICLE_MASS_MeVC2, SUBPARTICLE_MASS_GeVC2, SUBPARTICLE_CHARGE, SUBPARTICLE_SPIN, SUBPARTICLE_FAMILY) VALUES ('Charm', NULL, 1.28, 0.6666666666666667, 0.5, 'Quark');
INSERT INTO SUBPARTICLES (SUBPARTICLE_NAME_ID, SUBPARTICLE_MASS_MeVC2, SUBPARTICLE_MASS_GeVC2, SUBPARTICLE_CHARGE, SUBPARTICLE_SPIN, SUBPARTICLE_FAMILY) VALUES ('Top', NULL, 173.1, 0.6666666666666667, 0.5, 'Quark');
INSERT INTO SUBPARTICLES (SUBPARTICLE_NAME_ID, SUBPARTICLE_MASS_MeVC2, SUBPARTICLE_MASS_GeVC2, SUBPARTICLE_CHARGE, SUBPARTICLE_SPIN, SUBPARTICLE_FAMILY) VALUES ('Down', 4.7, NULL, -0.3333333333333333, 0.5, 'Quark');
INSERT INTO SUBPARTICLES (SUBPARTICLE_NAME_ID, SUBPARTICLE_MASS_MeVC2, SUBPARTICLE_MASS_GeVC2, SUBPARTICLE_CHARGE, SUBPARTICLE_SPIN, SUBPARTICLE_FAMILY) VALUES ('Strange', 96, NULL, -0.3333333333333333, 0.5, 'Quark');
INSERT INTO SUBPARTICLES (SUBPARTICLE_NAME_ID, SUBPARTICLE_MASS_MeVC2, SUBPARTICLE_MASS_GeVC2, SUBPARTICLE_CHARGE, SUBPARTICLE_SPIN, SUBPARTICLE_FAMILY) VALUES ('Bottom', NULL, 4.18, -0.3333333333333333, 0.5, 'Quark');
-- Antiquarks:
INSERT INTO SUBPARTICLES (SUBPARTICLE_NAME_ID, SUBPARTICLE_MASS_MeVC2, SUBPARTICLE_MASS_GeVC2, SUBPARTICLE_CHARGE, SUBPARTICLE_SPIN, SUBPARTICLE_FAMILY) VALUES ('Antiup', 2.2, NULL, -0.6666666666666667, 0.5, 'Antiquark');
INSERT INTO SUBPARTICLES (SUBPARTICLE_NAME_ID, SUBPARTICLE_MASS_MeVC2, SUBPARTICLE_MASS_GeVC2, SUBPARTICLE_CHARGE, SUBPARTICLE_SPIN, SUBPARTICLE_FAMILY) VALUES ('Anticharm', NULL, 1.28, -0.6666666666666667, 0.5, 'Antiquark');
INSERT INTO SUBPARTICLES (SUBPARTICLE_NAME_ID, SUBPARTICLE_MASS_MeVC2, SUBPARTICLE_MASS_GeVC2, SUBPARTICLE_CHARGE, SUBPARTICLE_SPIN, SUBPARTICLE_FAMILY) VALUES ('Antitop', NULL, 173.1, -0.6666666666666667, 0.5, 'Antiquark');
INSERT INTO SUBPARTICLES (SUBPARTICLE_NAME_ID, SUBPARTICLE_MASS_MeVC2, SUBPARTICLE_MASS_GeVC2, SUBPARTICLE_CHARGE, SUBPARTICLE_SPIN, SUBPARTICLE_FAMILY) VALUES ('Antidown', 4.7, NULL, 0.3333333333333333, 0.5, 'Antiquark');
INSERT INTO SUBPARTICLES (SUBPARTICLE_NAME_ID, SUBPARTICLE_MASS_MeVC2, SUBPARTICLE_MASS_GeVC2, SUBPARTICLE_CHARGE, SUBPARTICLE_SPIN, SUBPARTICLE_FAMILY) VALUES ('Antistrange', 96, NULL, 0.3333333333333333, 0.5, 'Antiquark');
INSERT INTO SUBPARTICLES (SUBPARTICLE_NAME_ID, SUBPARTICLE_MASS_MeVC2, SUBPARTICLE_MASS_GeVC2, SUBPARTICLE_CHARGE, SUBPARTICLE_SPIN, SUBPARTICLE_FAMILY) VALUES ('Antibottom', NULL, 4.18, 0.3333333333333333, 0.5, 'Antiquark');
-- Leptons:
INSERT INTO SUBPARTICLES (SUBPARTICLE_NAME_ID, SUBPARTICLE_MASS_MeVC2, SUBPARTICLE_MASS_GeVC2, SUBPARTICLE_CHARGE, SUBPARTICLE_SPIN, SUBPARTICLE_FAMILY) VALUES ('Electron', 0.511, NULL, -1, 0.5, 'Lepton');
INSERT INTO SUBPARTICLES (SUBPARTICLE_NAME_ID, SUBPARTICLE_MASS_MeVC2, SUBPARTICLE_MASS_GeVC2, SUBPARTICLE_CHARGE, SUBPARTICLE_SPIN, SUBPARTICLE_FAMILY) VALUES ('Muon', 105.66, NULL, -1, 0.5, 'Lepton');
INSERT INTO SUBPARTICLES (SUBPARTICLE_NAME_ID, SUBPARTICLE_MASS_MeVC2, SUBPARTICLE_MASS_GeVC2, SUBPARTICLE_CHARGE, SUBPARTICLE_SPIN, SUBPARTICLE_FAMILY) VALUES ('Tau', NULL, 1.7768, -1, 0.5, 'Lepton');
INSERT INTO SUBPARTICLES (SUBPARTICLE_NAME_ID, SUBPARTICLE_MASS_MeVC2, SUBPARTICLE_MASS_GeVC2, SUBPARTICLE_CHARGE, SUBPARTICLE_SPIN, SUBPARTICLE_FAMILY) VALUES ('Electronneutrino', 2.2, NULL, 0, 0.5, 'Lepton');
INSERT INTO SUBPARTICLES (SUBPARTICLE_NAME_ID, SUBPARTICLE_MASS_MeVC2, SUBPARTICLE_MASS_GeVC2, SUBPARTICLE_CHARGE, SUBPARTICLE_SPIN, SUBPARTICLE_FAMILY) VALUES ('Muonneutrino', 1.7, NULL, 0, 0.5, 'Lepton');
INSERT INTO SUBPARTICLES (SUBPARTICLE_NAME_ID, SUBPARTICLE_MASS_MeVC2, SUBPARTICLE_MASS_GeVC2, SUBPARTICLE_CHARGE, SUBPARTICLE_SPIN, SUBPARTICLE_FAMILY) VALUES ('Tauneutrino', 15.5, NULL, 0, 0.5, 'Lepton');
-- Antilepton:
INSERT INTO SUBPARTICLES (SUBPARTICLE_NAME_ID, SUBPARTICLE_MASS_MeVC2, SUBPARTICLE_MASS_GeVC2, SUBPARTICLE_CHARGE, SUBPARTICLE_SPIN, SUBPARTICLE_FAMILY) VALUES ('Positron', 0.511, NULL, 1, 0.5, 'Antilepton');
INSERT INTO SUBPARTICLES (SUBPARTICLE_NAME_ID, SUBPARTICLE_MASS_MeVC2, SUBPARTICLE_MASS_GeVC2, SUBPARTICLE_CHARGE, SUBPARTICLE_SPIN, SUBPARTICLE_FAMILY) VALUES ('Antimuon', 105.66, NULL, 1, 0.5, 'Antilepton');
INSERT INTO SUBPARTICLES (SUBPARTICLE_NAME_ID, SUBPARTICLE_MASS_MeVC2, SUBPARTICLE_MASS_GeVC2, SUBPARTICLE_CHARGE, SUBPARTICLE_SPIN, SUBPARTICLE_FAMILY) VALUES ('Antitau', NULL, 1.7768, 1, 0.5, 'Antilepton');
INSERT INTO SUBPARTICLES (SUBPARTICLE_NAME_ID, SUBPARTICLE_MASS_MeVC2, SUBPARTICLE_MASS_GeVC2, SUBPARTICLE_CHARGE, SUBPARTICLE_SPIN, SUBPARTICLE_FAMILY) VALUES ('Electronantineutrino', 2.2, NULL, 0, 0.5, 'Antilepton');
INSERT INTO SUBPARTICLES (SUBPARTICLE_NAME_ID, SUBPARTICLE_MASS_MeVC2, SUBPARTICLE_MASS_GeVC2, SUBPARTICLE_CHARGE, SUBPARTICLE_SPIN, SUBPARTICLE_FAMILY) VALUES ('Muonantineutrino', 1.7, NULL, 0, 0.5, 'Antilepton');
INSERT INTO SUBPARTICLES (SUBPARTICLE_NAME_ID, SUBPARTICLE_MASS_MeVC2, SUBPARTICLE_MASS_GeVC2, SUBPARTICLE_CHARGE, SUBPARTICLE_SPIN, SUBPARTICLE_FAMILY) VALUES ('Tauantineutrino', 15.5, NULL, 0, 0.5, 'Antilepton');
-- Gauge Boson:
INSERT INTO SUBPARTICLES (SUBPARTICLE_NAME_ID, SUBPARTICLE_MASS_MeVC2, SUBPARTICLE_MASS_GeVC2, SUBPARTICLE_CHARGE, SUBPARTICLE_SPIN, SUBPARTICLE_FAMILY) VALUES ('Gluon', 0, NULL, 0, 1, 'Gauge Boson');
INSERT INTO SUBPARTICLES (SUBPARTICLE_NAME_ID, SUBPARTICLE_MASS_MeVC2, SUBPARTICLE_MASS_GeVC2, SUBPARTICLE_CHARGE, SUBPARTICLE_SPIN, SUBPARTICLE_FAMILY) VALUES ('Photon', 0, NULL, 0, 1, 'Gauge Boson');
INSERT INTO SUBPARTICLES (SUBPARTICLE_NAME_ID, SUBPARTICLE_MASS_MeVC2, SUBPARTICLE_MASS_GeVC2, SUBPARTICLE_CHARGE, SUBPARTICLE_SPIN, SUBPARTICLE_FAMILY) VALUES ('BosonZ', NULL, 91.19, 0, 1, 'Gauge Boson');
INSERT INTO SUBPARTICLES (SUBPARTICLE_NAME_ID, SUBPARTICLE_MASS_MeVC2, SUBPARTICLE_MASS_GeVC2, SUBPARTICLE_CHARGE, SUBPARTICLE_SPIN, SUBPARTICLE_FAMILY) VALUES ('BosonWplus', NULL, 80.39, 1, 1, 'Gauge Boson');
INSERT INTO SUBPARTICLES (SUBPARTICLE_NAME_ID, SUBPARTICLE_MASS_MeVC2, SUBPARTICLE_MASS_GeVC2, SUBPARTICLE_CHARGE, SUBPARTICLE_SPIN, SUBPARTICLE_FAMILY) VALUES ('BosonWless', 80.39, NULL, -1, 1, 'Gauge Boson');
INSERT INTO SUBPARTICLES (SUBPARTICLE_NAME_ID, SUBPARTICLE_MASS_MeVC2, SUBPARTICLE_MASS_GeVC2, SUBPARTICLE_CHARGE, SUBPARTICLE_SPIN, SUBPARTICLE_FAMILY) VALUES ('Graviton', NULL, 0, 0, 0, 'Gauge Boson');
-- Scalar Bosons
INSERT INTO SUBPARTICLES (SUBPARTICLE_NAME_ID, SUBPARTICLE_MASS_MeVC2, SUBPARTICLE_MASS_GeVC2, SUBPARTICLE_CHARGE, SUBPARTICLE_SPIN, SUBPARTICLE_FAMILY) VALUES ('Higgs', 125.09, NULL, 0, 0, 'Scalar Boson');

CREATE TABLE PARTICLES (
    PARTICLE_NAME_ID VARCHAR2(255) NOT NULL
);

ALTER TABLE PARTICLES ADD CONSTRAINT particle_id_pk PRIMARY KEY (PARTICLE_NAME_ID);

COMMENT ON TABLE PARTICLES IS 'Types of nuclear particles.';

INSERT INTO PARTICLES (PARTICLE_NAME_ID) VALUES ('Proton');
INSERT INTO PARTICLES (PARTICLE_NAME_ID) VALUES ('Neutron');

CREATE TABLE SUBPARTICLES_PARTICLES (
    SUBPARTICLES_PARTICLE_ID NUMBER(1) GENERATED ALWAYS AS IDENTITY NOT NULL,
    SUBPARTICLE_NAME_ID VARCHAR2(255) NOT NULL,
    PARTICLE_NAME_ID VARCHAR2(255) NOT NULL,
    QUARKS_UP_IN_PARTICLE NUMBER(1),
    QUARKS_DOWN_IN_PARTICLE NUMBER(1)
);

ALTER TABLE SUBPARTICLES_PARTICLES ADD CONSTRAINT subparticles_particle_id_pk PRIMARY KEY (SUBPARTICLES_PARTICLE_ID);
ALTER TABLE SUBPARTICLES_PARTICLES ADD CONSTRAINT subparticle_id_fk FOREIGN KEY (SUBPARTICLE_NAME_ID) REFERENCES SUBPARTICLES(SUBPARTICLE_NAME_ID) ON DELETE CASCADE;
ALTER TABLE SUBPARTICLES_PARTICLES ADD CONSTRAINT particle_id_fk FOREIGN KEY (PARTICLE_NAME_ID) REFERENCES PARTICLES(PARTICLE_NAME_ID) ON DELETE CASCADE;

COMMENT ON TABLE SUBPARTICLES_PARTICLES IS 'Quarks Up and Down are in one proton and one neutron.';

-- Quarks Up are in one proton. --
INSERT INTO SUBPARTICLES_PARTICLES (SUBPARTICLE_NAME_ID, PARTICLE_NAME_ID, QUARKS_UP_IN_PARTICLE, QUARKS_DOWN_IN_PARTICLE) VALUES ('Up', 'Proton', 2, NULL);
-- Quarks Down are in one proton. --
INSERT INTO SUBPARTICLES_PARTICLES (SUBPARTICLE_NAME_ID, PARTICLE_NAME_ID, QUARKS_UP_IN_PARTICLE, QUARKS_DOWN_IN_PARTICLE) VALUES ('Down', 'Proton', NULL, 1);
-- Quarks Down are in one neutron. --
INSERT INTO SUBPARTICLES_PARTICLES (SUBPARTICLE_NAME_ID, PARTICLE_NAME_ID, QUARKS_UP_IN_PARTICLE, QUARKS_DOWN_IN_PARTICLE) VALUES ('Up', 'Neutron', 1, NULL);
-- Quarks Down are in one neutron. --
INSERT INTO SUBPARTICLES_PARTICLES (SUBPARTICLE_NAME_ID, PARTICLE_NAME_ID, QUARKS_UP_IN_PARTICLE, QUARKS_DOWN_IN_PARTICLE) VALUES ('Down', 'Neutron', NULL, 2);

CREATE TABLE ELEMENTS (
    ELEMENT_SYMBOL_ID VARCHAR2(2) NOT NULL,
    ELEMENT_NAME VARCHAR2(255) NOT NULL,
    ELEMENT_ATOMIC_MASS NUMBER NOT NULL,
    ELEMENT_PROTONS NUMBER(3) NOT NULL,
    ELEMENT_NEUTRONS NUMBER(3) NOT NULL
);

ALTER TABLE ELEMENTS ADD CONSTRAINT element_id_pk PRIMARY KEY (ELEMENT_SYMBOL_ID);

COMMENT ON TABLE ELEMENTS IS 'Elements of Periodic Table.';

INSERT INTO ELEMENTS (ELEMENT_SYMBOL_ID, ELEMENT_NAME, ELEMENT_ATOMIC_MASS, ELEMENT_PROTONS, ELEMENT_NEUTRONS) VALUES ('H', 'Hydrogen', 1.00784, 1, 0);
INSERT INTO ELEMENTS (ELEMENT_SYMBOL_ID, ELEMENT_NAME, ELEMENT_ATOMIC_MASS, ELEMENT_PROTONS, ELEMENT_NEUTRONS) VALUES ('He', 'Helium', 4.002602, 2, 2);
INSERT INTO ELEMENTS (ELEMENT_SYMBOL_ID, ELEMENT_NAME, ELEMENT_ATOMIC_MASS, ELEMENT_PROTONS, ELEMENT_NEUTRONS) VALUES ('Li', 'Lithium', 6.941, 3, 4);
INSERT INTO ELEMENTS (ELEMENT_SYMBOL_ID, ELEMENT_NAME, ELEMENT_ATOMIC_MASS, ELEMENT_PROTONS, ELEMENT_NEUTRONS) VALUES ('Be', 'Beryllium', 9.012182, 4, 5);
INSERT INTO ELEMENTS (ELEMENT_SYMBOL_ID, ELEMENT_NAME, ELEMENT_ATOMIC_MASS, ELEMENT_PROTONS, ELEMENT_NEUTRONS) VALUES ('B', 'Boron', 10.811, 5, 6);
INSERT INTO ELEMENTS (ELEMENT_SYMBOL_ID, ELEMENT_NAME, ELEMENT_ATOMIC_MASS, ELEMENT_PROTONS, ELEMENT_NEUTRONS) VALUES ('C', 'Carbon', 12.0107, 6, 6);
INSERT INTO ELEMENTS (ELEMENT_SYMBOL_ID, ELEMENT_NAME, ELEMENT_ATOMIC_MASS, ELEMENT_PROTONS, ELEMENT_NEUTRONS) VALUES ('N', 'Nitrogen', 14.0067, 7, 7);
INSERT INTO ELEMENTS (ELEMENT_SYMBOL_ID, ELEMENT_NAME, ELEMENT_ATOMIC_MASS, ELEMENT_PROTONS, ELEMENT_NEUTRONS) VALUES ('O', 'Oxygen', 15.999, 8, 8);
INSERT INTO ELEMENTS (ELEMENT_SYMBOL_ID, ELEMENT_NAME, ELEMENT_ATOMIC_MASS, ELEMENT_PROTONS, ELEMENT_NEUTRONS) VALUES ('F', 'Fluorine', 18.9984032, 9, 10);
INSERT INTO ELEMENTS (ELEMENT_SYMBOL_ID, ELEMENT_NAME, ELEMENT_ATOMIC_MASS, ELEMENT_PROTONS, ELEMENT_NEUTRONS) VALUES ('Ne', 'Neon', 20.1797, 10, 10);
INSERT INTO ELEMENTS (ELEMENT_SYMBOL_ID, ELEMENT_NAME, ELEMENT_ATOMIC_MASS, ELEMENT_PROTONS, ELEMENT_NEUTRONS) VALUES ('Na', 'Sodium', 22.98976928, 11, 12);
INSERT INTO ELEMENTS (ELEMENT_SYMBOL_ID, ELEMENT_NAME, ELEMENT_ATOMIC_MASS, ELEMENT_PROTONS, ELEMENT_NEUTRONS) VALUES ('Mg', 'Magnesium', 24.305, 12, 12);
INSERT INTO ELEMENTS (ELEMENT_SYMBOL_ID, ELEMENT_NAME, ELEMENT_ATOMIC_MASS, ELEMENT_PROTONS, ELEMENT_NEUTRONS) VALUES ('Al', 'Aluminum', 26.9815384, 13, 14);
INSERT INTO ELEMENTS (ELEMENT_SYMBOL_ID, ELEMENT_NAME, ELEMENT_ATOMIC_MASS, ELEMENT_PROTONS, ELEMENT_NEUTRONS) VALUES ('Si', 'Silicon', 28.085, 14, 14);
INSERT INTO ELEMENTS (ELEMENT_SYMBOL_ID, ELEMENT_NAME, ELEMENT_ATOMIC_MASS, ELEMENT_PROTONS, ELEMENT_NEUTRONS) VALUES ('P', 'Phosphorus', 30.973761998, 15, 16);
INSERT INTO ELEMENTS (ELEMENT_SYMBOL_ID, ELEMENT_NAME, ELEMENT_ATOMIC_MASS, ELEMENT_PROTONS, ELEMENT_NEUTRONS) VALUES ('S', 'Sulfur', 32.06, 16, 16);
INSERT INTO ELEMENTS (ELEMENT_SYMBOL_ID, ELEMENT_NAME, ELEMENT_ATOMIC_MASS, ELEMENT_PROTONS, ELEMENT_NEUTRONS) VALUES ('Cl', 'Chlorine', 35.45, 17, 18);
INSERT INTO ELEMENTS (ELEMENT_SYMBOL_ID, ELEMENT_NAME, ELEMENT_ATOMIC_MASS, ELEMENT_PROTONS, ELEMENT_NEUTRONS) VALUES ('Ar', 'Argon', 39.948, 18, 22);
INSERT INTO ELEMENTS (ELEMENT_SYMBOL_ID, ELEMENT_NAME, ELEMENT_ATOMIC_MASS, ELEMENT_PROTONS, ELEMENT_NEUTRONS) VALUES ('K', 'Potassium', 39.0983, 19, 20);
INSERT INTO ELEMENTS (ELEMENT_SYMBOL_ID, ELEMENT_NAME, ELEMENT_ATOMIC_MASS, ELEMENT_PROTONS, ELEMENT_NEUTRONS) VALUES ('Ca', 'Calcium', 40.078, 20, 20);
INSERT INTO ELEMENTS (ELEMENT_SYMBOL_ID, ELEMENT_NAME, ELEMENT_ATOMIC_MASS, ELEMENT_PROTONS, ELEMENT_NEUTRONS) VALUES ('Sc', 'Scandium', 44.955908, 21, 24);
INSERT INTO ELEMENTS (ELEMENT_SYMBOL_ID, ELEMENT_NAME, ELEMENT_ATOMIC_MASS, ELEMENT_PROTONS, ELEMENT_NEUTRONS) VALUES ('Ti', 'Titanium', 47.867, 22, 26);
INSERT INTO ELEMENTS (ELEMENT_SYMBOL_ID, ELEMENT_NAME, ELEMENT_ATOMIC_MASS, ELEMENT_PROTONS, ELEMENT_NEUTRONS) VALUES ('V', 'Vanadium', 50.9415, 23, 28);
INSERT INTO ELEMENTS (ELEMENT_SYMBOL_ID, ELEMENT_NAME, ELEMENT_ATOMIC_MASS, ELEMENT_PROTONS, ELEMENT_NEUTRONS) VALUES ('Cr', 'Chromium', 51.9961, 24, 28);
INSERT INTO ELEMENTS (ELEMENT_SYMBOL_ID, ELEMENT_NAME, ELEMENT_ATOMIC_MASS, ELEMENT_PROTONS, ELEMENT_NEUTRONS) VALUES ('Mn', 'Manganese', 54.938044, 25, 30);
INSERT INTO ELEMENTS (ELEMENT_SYMBOL_ID, ELEMENT_NAME, ELEMENT_ATOMIC_MASS, ELEMENT_PROTONS, ELEMENT_NEUTRONS) VALUES ('Fe', 'Iron', 55.845, 26, 30);
INSERT INTO ELEMENTS (ELEMENT_SYMBOL_ID, ELEMENT_NAME, ELEMENT_ATOMIC_MASS, ELEMENT_PROTONS, ELEMENT_NEUTRONS) VALUES ('Co', 'Cobalt', 58.933194, 27, 32);
INSERT INTO ELEMENTS (ELEMENT_SYMBOL_ID, ELEMENT_NAME, ELEMENT_ATOMIC_MASS, ELEMENT_PROTONS, ELEMENT_NEUTRONS) VALUES ('Ni', 'Nickel', 58.6934, 28, 31);
INSERT INTO ELEMENTS (ELEMENT_SYMBOL_ID, ELEMENT_NAME, ELEMENT_ATOMIC_MASS, ELEMENT_PROTONS, ELEMENT_NEUTRONS) VALUES ('Cu', 'Copper', 63.546, 29, 35);
INSERT INTO ELEMENTS (ELEMENT_SYMBOL_ID, ELEMENT_NAME, ELEMENT_ATOMIC_MASS, ELEMENT_PROTONS, ELEMENT_NEUTRONS) VALUES ('Zn', 'Zinc', 65.38, 30, 35);
INSERT INTO ELEMENTS (ELEMENT_SYMBOL_ID, ELEMENT_NAME, ELEMENT_ATOMIC_MASS, ELEMENT_PROTONS, ELEMENT_NEUTRONS) VALUES ('Ga', 'Gallium', 69.723, 31, 39);
INSERT INTO ELEMENTS (ELEMENT_SYMBOL_ID, ELEMENT_NAME, ELEMENT_ATOMIC_MASS, ELEMENT_PROTONS, ELEMENT_NEUTRONS) VALUES ('Ge', 'Germanium', 72.63, 32, 41);
INSERT INTO ELEMENTS (ELEMENT_SYMBOL_ID, ELEMENT_NAME, ELEMENT_ATOMIC_MASS, ELEMENT_PROTONS, ELEMENT_NEUTRONS) VALUES ('As', 'Arsenic', 74.921595, 33, 42);
INSERT INTO ELEMENTS (ELEMENT_SYMBOL_ID, ELEMENT_NAME, ELEMENT_ATOMIC_MASS, ELEMENT_PROTONS, ELEMENT_NEUTRONS) VALUES ('Se', 'Selenium', 78.971, 34, 45);
INSERT INTO ELEMENTS (ELEMENT_SYMBOL_ID, ELEMENT_NAME, ELEMENT_ATOMIC_MASS, ELEMENT_PROTONS, ELEMENT_NEUTRONS) VALUES ('Br', 'Bromine', 79.904, 35, 45);
INSERT INTO ELEMENTS (ELEMENT_SYMBOL_ID, ELEMENT_NAME, ELEMENT_ATOMIC_MASS, ELEMENT_PROTONS, ELEMENT_NEUTRONS) VALUES ('Kr', 'Krypton', 83.798, 36, 48);
INSERT INTO ELEMENTS (ELEMENT_SYMBOL_ID, ELEMENT_NAME, ELEMENT_ATOMIC_MASS, ELEMENT_PROTONS, ELEMENT_NEUTRONS) VALUES ('Rb', 'Rubidium', 85.4678, 37, 48);
INSERT INTO ELEMENTS (ELEMENT_SYMBOL_ID, ELEMENT_NAME, ELEMENT_ATOMIC_MASS, ELEMENT_PROTONS, ELEMENT_NEUTRONS) VALUES ('Sr', 'Strontium', 87.62, 38, 50);
INSERT INTO ELEMENTS (ELEMENT_SYMBOL_ID, ELEMENT_NAME, ELEMENT_ATOMIC_MASS, ELEMENT_PROTONS, ELEMENT_NEUTRONS) VALUES ('Y', 'Yttrium', 88.90584, 39, 50);
INSERT INTO ELEMENTS (ELEMENT_SYMBOL_ID, ELEMENT_NAME, ELEMENT_ATOMIC_MASS, ELEMENT_PROTONS, ELEMENT_NEUTRONS) VALUES ('Zr', 'Zirconium', 91.224, 40, 51);
INSERT INTO ELEMENTS (ELEMENT_SYMBOL_ID, ELEMENT_NAME, ELEMENT_ATOMIC_MASS, ELEMENT_PROTONS, ELEMENT_NEUTRONS) VALUES ('Nb', 'Niobium', 92.90637, 41, 52);
INSERT INTO ELEMENTS (ELEMENT_SYMBOL_ID, ELEMENT_NAME, ELEMENT_ATOMIC_MASS, ELEMENT_PROTONS, ELEMENT_NEUTRONS) VALUES ('Mo', 'Molybdenum', 95.95, 42, 54);
INSERT INTO ELEMENTS (ELEMENT_SYMBOL_ID, ELEMENT_NAME, ELEMENT_ATOMIC_MASS, ELEMENT_PROTONS, ELEMENT_NEUTRONS) VALUES ('Tc', 'Technetium', 98, 43, 55);
INSERT INTO ELEMENTS (ELEMENT_SYMBOL_ID, ELEMENT_NAME, ELEMENT_ATOMIC_MASS, ELEMENT_PROTONS, ELEMENT_NEUTRONS) VALUES ('Ru', 'Ruthenium', 101.07, 44, 57);
INSERT INTO ELEMENTS (ELEMENT_SYMBOL_ID, ELEMENT_NAME, ELEMENT_ATOMIC_MASS, ELEMENT_PROTONS, ELEMENT_NEUTRONS) VALUES ('Rh', 'Rhodium', 102.9055, 45, 58);
INSERT INTO ELEMENTS (ELEMENT_SYMBOL_ID, ELEMENT_NAME, ELEMENT_ATOMIC_MASS, ELEMENT_PROTONS, ELEMENT_NEUTRONS) VALUES ('Pd', 'Palladium', 106.42, 46, 60);
INSERT INTO ELEMENTS (ELEMENT_SYMBOL_ID, ELEMENT_NAME, ELEMENT_ATOMIC_MASS, ELEMENT_PROTONS, ELEMENT_NEUTRONS) VALUES ('Ag', 'Silver', 107.8682, 47, 61);
INSERT INTO ELEMENTS (ELEMENT_SYMBOL_ID, ELEMENT_NAME, ELEMENT_ATOMIC_MASS, ELEMENT_PROTONS, ELEMENT_NEUTRONS) VALUES ('Cd', 'Cadmium', 112.414, 48, 64);
INSERT INTO ELEMENTS (ELEMENT_SYMBOL_ID, ELEMENT_NAME, ELEMENT_ATOMIC_MASS, ELEMENT_PROTONS, ELEMENT_NEUTRONS) VALUES ('In', 'Indium', 114.818, 49, 66);
INSERT INTO ELEMENTS (ELEMENT_SYMBOL_ID, ELEMENT_NAME, ELEMENT_ATOMIC_MASS, ELEMENT_PROTONS, ELEMENT_NEUTRONS) VALUES ('Sn', 'Tin', 118.71, 50, 69);
INSERT INTO ELEMENTS (ELEMENT_SYMBOL_ID, ELEMENT_NAME, ELEMENT_ATOMIC_MASS, ELEMENT_PROTONS, ELEMENT_NEUTRONS) VALUES ('Sb', 'Antimony', 121.76, 51, 71);
INSERT INTO ELEMENTS (ELEMENT_SYMBOL_ID, ELEMENT_NAME, ELEMENT_ATOMIC_MASS, ELEMENT_PROTONS, ELEMENT_NEUTRONS) VALUES ('Te', 'Tellurium', 127.6, 52, 76);
INSERT INTO ELEMENTS (ELEMENT_SYMBOL_ID, ELEMENT_NAME, ELEMENT_ATOMIC_MASS, ELEMENT_PROTONS, ELEMENT_NEUTRONS) VALUES ('I', 'Iodine', 126.90447, 53, 74);
INSERT INTO ELEMENTS (ELEMENT_SYMBOL_ID, ELEMENT_NAME, ELEMENT_ATOMIC_MASS, ELEMENT_PROTONS, ELEMENT_NEUTRONS) VALUES ('Xe', 'Xenon', 131.293, 54, 77);
INSERT INTO ELEMENTS (ELEMENT_SYMBOL_ID, ELEMENT_NAME, ELEMENT_ATOMIC_MASS, ELEMENT_PROTONS, ELEMENT_NEUTRONS) VALUES ('Cs', 'Cesium', 132.90545196, 55, 78);
INSERT INTO ELEMENTS (ELEMENT_SYMBOL_ID, ELEMENT_NAME, ELEMENT_ATOMIC_MASS, ELEMENT_PROTONS, ELEMENT_NEUTRONS) VALUES ('Ba', 'Barium', 137.327, 56, 81);
INSERT INTO ELEMENTS (ELEMENT_SYMBOL_ID, ELEMENT_NAME, ELEMENT_ATOMIC_MASS, ELEMENT_PROTONS, ELEMENT_NEUTRONS) VALUES ('La', 'Lanthanum', 138.90547, 57, 82);
INSERT INTO ELEMENTS (ELEMENT_SYMBOL_ID, ELEMENT_NAME, ELEMENT_ATOMIC_MASS, ELEMENT_PROTONS, ELEMENT_NEUTRONS) VALUES ('Ce', 'Cerium', 140.116, 58, 82);
INSERT INTO ELEMENTS (ELEMENT_SYMBOL_ID, ELEMENT_NAME, ELEMENT_ATOMIC_MASS, ELEMENT_PROTONS, ELEMENT_NEUTRONS) VALUES ('Pr', 'Praseodymium', 140.90766, 59, 82);
INSERT INTO ELEMENTS (ELEMENT_SYMBOL_ID, ELEMENT_NAME, ELEMENT_ATOMIC_MASS, ELEMENT_PROTONS, ELEMENT_NEUTRONS) VALUES ('Nd', 'Neodymium', 144.242, 60, 84);
INSERT INTO ELEMENTS (ELEMENT_SYMBOL_ID, ELEMENT_NAME, ELEMENT_ATOMIC_MASS, ELEMENT_PROTONS, ELEMENT_NEUTRONS) VALUES ('Pm', 'Promethium', 145, 61, 84);
INSERT INTO ELEMENTS (ELEMENT_SYMBOL_ID, ELEMENT_NAME, ELEMENT_ATOMIC_MASS, ELEMENT_PROTONS, ELEMENT_NEUTRONS) VALUES ('Sm', 'Samarium', 150.36, 62, 88);
INSERT INTO ELEMENTS (ELEMENT_SYMBOL_ID, ELEMENT_NAME, ELEMENT_ATOMIC_MASS, ELEMENT_PROTONS, ELEMENT_NEUTRONS) VALUES ('Eu', 'Europium', 151.964, 63, 89);
INSERT INTO ELEMENTS (ELEMENT_SYMBOL_ID, ELEMENT_NAME, ELEMENT_ATOMIC_MASS, ELEMENT_PROTONS, ELEMENT_NEUTRONS) VALUES ('Gd', 'Gadolinium', 157.25, 64, 93);
INSERT INTO ELEMENTS (ELEMENT_SYMBOL_ID, ELEMENT_NAME, ELEMENT_ATOMIC_MASS, ELEMENT_PROTONS, ELEMENT_NEUTRONS) VALUES ('Tb', 'Terbium', 158.92535, 65, 93);
INSERT INTO ELEMENTS (ELEMENT_SYMBOL_ID, ELEMENT_NAME, ELEMENT_ATOMIC_MASS, ELEMENT_PROTONS, ELEMENT_NEUTRONS) VALUES ('Dy', 'Dysprosium', 162.5, 66, 97);
INSERT INTO ELEMENTS (ELEMENT_SYMBOL_ID, ELEMENT_NAME, ELEMENT_ATOMIC_MASS, ELEMENT_PROTONS, ELEMENT_NEUTRONS) VALUES ('Ho', 'Holmium', 164.93033, 67, 98);
INSERT INTO ELEMENTS (ELEMENT_SYMBOL_ID, ELEMENT_NAME, ELEMENT_ATOMIC_MASS, ELEMENT_PROTONS, ELEMENT_NEUTRONS) VALUES ('Er', 'Erbium', 167.259, 68, 99);
INSERT INTO ELEMENTS (ELEMENT_SYMBOL_ID, ELEMENT_NAME, ELEMENT_ATOMIC_MASS, ELEMENT_PROTONS, ELEMENT_NEUTRONS) VALUES ('Tm', 'Thulium', 168.93422, 69, 100);
INSERT INTO ELEMENTS (ELEMENT_SYMBOL_ID, ELEMENT_NAME, ELEMENT_ATOMIC_MASS, ELEMENT_PROTONS, ELEMENT_NEUTRONS) VALUES ('Yb', 'Ytterbium', 173.045, 70, 103);
INSERT INTO ELEMENTS (ELEMENT_SYMBOL_ID, ELEMENT_NAME, ELEMENT_ATOMIC_MASS, ELEMENT_PROTONS, ELEMENT_NEUTRONS) VALUES ('Lu', 'Lutetium', 174.9668, 71, 104);
INSERT INTO ELEMENTS (ELEMENT_SYMBOL_ID, ELEMENT_NAME, ELEMENT_ATOMIC_MASS, ELEMENT_PROTONS, ELEMENT_NEUTRONS) VALUES ('Hf', 'Hafnium', 178.49, 72, 106);
INSERT INTO ELEMENTS (ELEMENT_SYMBOL_ID, ELEMENT_NAME, ELEMENT_ATOMIC_MASS, ELEMENT_PROTONS, ELEMENT_NEUTRONS) VALUES ('Ta', 'Tantalum', 180.94788, 73, 108);
INSERT INTO ELEMENTS (ELEMENT_SYMBOL_ID, ELEMENT_NAME, ELEMENT_ATOMIC_MASS, ELEMENT_PROTONS, ELEMENT_NEUTRONS) VALUES ('W', 'Tungsten', 183.84, 74, 110);
INSERT INTO ELEMENTS (ELEMENT_SYMBOL_ID, ELEMENT_NAME, ELEMENT_ATOMIC_MASS, ELEMENT_PROTONS, ELEMENT_NEUTRONS) VALUES ('Re', 'Rhenium', 186.207, 75, 111);
INSERT INTO ELEMENTS (ELEMENT_SYMBOL_ID, ELEMENT_NAME, ELEMENT_ATOMIC_MASS, ELEMENT_PROTONS, ELEMENT_NEUTRONS) VALUES ('Os', 'Osmium', 190.23, 76, 114);
INSERT INTO ELEMENTS (ELEMENT_SYMBOL_ID, ELEMENT_NAME, ELEMENT_ATOMIC_MASS, ELEMENT_PROTONS, ELEMENT_NEUTRONS) VALUES ('Ir', 'Iridium', 192.217, 77, 115);
INSERT INTO ELEMENTS (ELEMENT_SYMBOL_ID, ELEMENT_NAME, ELEMENT_ATOMIC_MASS, ELEMENT_PROTONS, ELEMENT_NEUTRONS) VALUES ('Pt', 'Platinum', 195.084, 78, 117);
INSERT INTO ELEMENTS (ELEMENT_SYMBOL_ID, ELEMENT_NAME, ELEMENT_ATOMIC_MASS, ELEMENT_PROTONS, ELEMENT_NEUTRONS) VALUES ('Au', 'Gold', 196.966569, 79, 118);
INSERT INTO ELEMENTS (ELEMENT_SYMBOL_ID, ELEMENT_NAME, ELEMENT_ATOMIC_MASS, ELEMENT_PROTONS, ELEMENT_NEUTRONS) VALUES ('Hg', 'Mercury', 200.592, 80, 121);
INSERT INTO ELEMENTS (ELEMENT_SYMBOL_ID, ELEMENT_NAME, ELEMENT_ATOMIC_MASS, ELEMENT_PROTONS, ELEMENT_NEUTRONS) VALUES ('Tl', 'Thallium', 204.38, 81, 123);
INSERT INTO ELEMENTS (ELEMENT_SYMBOL_ID, ELEMENT_NAME, ELEMENT_ATOMIC_MASS, ELEMENT_PROTONS, ELEMENT_NEUTRONS) VALUES ('Pb', 'Lead', 207.2, 82, 125);
INSERT INTO ELEMENTS (ELEMENT_SYMBOL_ID, ELEMENT_NAME, ELEMENT_ATOMIC_MASS, ELEMENT_PROTONS, ELEMENT_NEUTRONS) VALUES ('Bi', 'Bismuth', 208.9804, 83, 126);
INSERT INTO ELEMENTS (ELEMENT_SYMBOL_ID, ELEMENT_NAME, ELEMENT_ATOMIC_MASS, ELEMENT_PROTONS, ELEMENT_NEUTRONS) VALUES ('Po', 'Polonium', 209, 84, 125);
INSERT INTO ELEMENTS (ELEMENT_SYMBOL_ID, ELEMENT_NAME, ELEMENT_ATOMIC_MASS, ELEMENT_PROTONS, ELEMENT_NEUTRONS) VALUES ('At', 'Astatine', 210, 85, 125);
INSERT INTO ELEMENTS (ELEMENT_SYMBOL_ID, ELEMENT_NAME, ELEMENT_ATOMIC_MASS, ELEMENT_PROTONS, ELEMENT_NEUTRONS) VALUES ('Rn', 'Radon', 222, 86, 136);
INSERT INTO ELEMENTS (ELEMENT_SYMBOL_ID, ELEMENT_NAME, ELEMENT_ATOMIC_MASS, ELEMENT_PROTONS, ELEMENT_NEUTRONS) VALUES ('Fr', 'Francium', 223, 87, 136);
INSERT INTO ELEMENTS (ELEMENT_SYMBOL_ID, ELEMENT_NAME, ELEMENT_ATOMIC_MASS, ELEMENT_PROTONS, ELEMENT_NEUTRONS) VALUES ('Ra', 'Radium', 226, 88, 138);
INSERT INTO ELEMENTS (ELEMENT_SYMBOL_ID, ELEMENT_NAME, ELEMENT_ATOMIC_MASS, ELEMENT_PROTONS, ELEMENT_NEUTRONS) VALUES ('Ac', 'Actinium', 227, 89, 138);
INSERT INTO ELEMENTS (ELEMENT_SYMBOL_ID, ELEMENT_NAME, ELEMENT_ATOMIC_MASS, ELEMENT_PROTONS, ELEMENT_NEUTRONS) VALUES ('Th', 'Thorium', 232.0377, 90, 142);
INSERT INTO ELEMENTS (ELEMENT_SYMBOL_ID, ELEMENT_NAME, ELEMENT_ATOMIC_MASS, ELEMENT_PROTONS, ELEMENT_NEUTRONS) VALUES ('Pa', 'Protactinium', 231.03588, 91, 140);
INSERT INTO ELEMENTS (ELEMENT_SYMBOL_ID, ELEMENT_NAME, ELEMENT_ATOMIC_MASS, ELEMENT_PROTONS, ELEMENT_NEUTRONS) VALUES ('U', 'Uranium', 238.02891, 92, 146);
INSERT INTO ELEMENTS (ELEMENT_SYMBOL_ID, ELEMENT_NAME, ELEMENT_ATOMIC_MASS, ELEMENT_PROTONS, ELEMENT_NEUTRONS) VALUES ('Np', 'Neptunium', 237, 93, 144);
INSERT INTO ELEMENTS (ELEMENT_SYMBOL_ID, ELEMENT_NAME, ELEMENT_ATOMIC_MASS, ELEMENT_PROTONS, ELEMENT_NEUTRONS) VALUES ('Pu', 'Plutonium', 244, 94, 150);
INSERT INTO ELEMENTS (ELEMENT_SYMBOL_ID, ELEMENT_NAME, ELEMENT_ATOMIC_MASS, ELEMENT_PROTONS, ELEMENT_NEUTRONS) VALUES ('Am', 'Americium', 243, 95, 148);
INSERT INTO ELEMENTS (ELEMENT_SYMBOL_ID, ELEMENT_NAME, ELEMENT_ATOMIC_MASS, ELEMENT_PROTONS, ELEMENT_NEUTRONS) VALUES ('Cm', 'Curium', 247, 96, 151);
INSERT INTO ELEMENTS (ELEMENT_SYMBOL_ID, ELEMENT_NAME, ELEMENT_ATOMIC_MASS, ELEMENT_PROTONS, ELEMENT_NEUTRONS) VALUES ('Bk', 'Berkelium', 247, 97, 150);
INSERT INTO ELEMENTS (ELEMENT_SYMBOL_ID, ELEMENT_NAME, ELEMENT_ATOMIC_MASS, ELEMENT_PROTONS, ELEMENT_NEUTRONS) VALUES ('Cf', 'Californium', 251, 98, 153);
INSERT INTO ELEMENTS (ELEMENT_SYMBOL_ID, ELEMENT_NAME, ELEMENT_ATOMIC_MASS, ELEMENT_PROTONS, ELEMENT_NEUTRONS) VALUES ('Es', 'Einsteinium', 252, 99, 153);
INSERT INTO ELEMENTS (ELEMENT_SYMBOL_ID, ELEMENT_NAME, ELEMENT_ATOMIC_MASS, ELEMENT_PROTONS, ELEMENT_NEUTRONS) VALUES ('Fm', 'Fermium', 257, 100, 157);
INSERT INTO ELEMENTS (ELEMENT_SYMBOL_ID, ELEMENT_NAME, ELEMENT_ATOMIC_MASS, ELEMENT_PROTONS, ELEMENT_NEUTRONS) VALUES ('Md', 'Mendelevium', 258, 101, 157);
INSERT INTO ELEMENTS (ELEMENT_SYMBOL_ID, ELEMENT_NAME, ELEMENT_ATOMIC_MASS, ELEMENT_PROTONS, ELEMENT_NEUTRONS) VALUES ('No', 'Nobelium', 259, 102, 157);
INSERT INTO ELEMENTS (ELEMENT_SYMBOL_ID, ELEMENT_NAME, ELEMENT_ATOMIC_MASS, ELEMENT_PROTONS, ELEMENT_NEUTRONS) VALUES ('Lr', 'Lawrencium', 266, 103, 159);
INSERT INTO ELEMENTS (ELEMENT_SYMBOL_ID, ELEMENT_NAME, ELEMENT_ATOMIC_MASS, ELEMENT_PROTONS, ELEMENT_NEUTRONS) VALUES ('Rf', 'Rutherfordium', 267, 104, 161);
INSERT INTO ELEMENTS (ELEMENT_SYMBOL_ID, ELEMENT_NAME, ELEMENT_ATOMIC_MASS, ELEMENT_PROTONS, ELEMENT_NEUTRONS) VALUES ('Db', 'Dubnium', 268, 105, 163);
INSERT INTO ELEMENTS (ELEMENT_SYMBOL_ID, ELEMENT_NAME, ELEMENT_ATOMIC_MASS, ELEMENT_PROTONS, ELEMENT_NEUTRONS) VALUES ('Sg', 'Seaborgium', 269, 106, 163);
INSERT INTO ELEMENTS (ELEMENT_SYMBOL_ID, ELEMENT_NAME, ELEMENT_ATOMIC_MASS, ELEMENT_PROTONS, ELEMENT_NEUTRONS) VALUES ('Bh', 'Bohrium', 270, 107, 163);
INSERT INTO ELEMENTS (ELEMENT_SYMBOL_ID, ELEMENT_NAME, ELEMENT_ATOMIC_MASS, ELEMENT_PROTONS, ELEMENT_NEUTRONS) VALUES ('Hs', 'Hassium', 277, 108, 169);
INSERT INTO ELEMENTS (ELEMENT_SYMBOL_ID, ELEMENT_NAME, ELEMENT_ATOMIC_MASS, ELEMENT_PROTONS, ELEMENT_NEUTRONS) VALUES ('Mt', 'Meitnerium', 278, 109, 169);
INSERT INTO ELEMENTS (ELEMENT_SYMBOL_ID, ELEMENT_NAME, ELEMENT_ATOMIC_MASS, ELEMENT_PROTONS, ELEMENT_NEUTRONS) VALUES ('Ds', 'Darmstadtium', 281, 110, 171);
INSERT INTO ELEMENTS (ELEMENT_SYMBOL_ID, ELEMENT_NAME, ELEMENT_ATOMIC_MASS, ELEMENT_PROTONS, ELEMENT_NEUTRONS) VALUES ('Rg', 'Roentgenium', 282, 111, 171);
INSERT INTO ELEMENTS (ELEMENT_SYMBOL_ID, ELEMENT_NAME, ELEMENT_ATOMIC_MASS, ELEMENT_PROTONS, ELEMENT_NEUTRONS) VALUES ('Cn', 'Copernicium', 285, 112, 173);
INSERT INTO ELEMENTS (ELEMENT_SYMBOL_ID, ELEMENT_NAME, ELEMENT_ATOMIC_MASS, ELEMENT_PROTONS, ELEMENT_NEUTRONS) VALUES ('Nh', 'Nihonium', 286, 113, 173);
INSERT INTO ELEMENTS (ELEMENT_SYMBOL_ID, ELEMENT_NAME, ELEMENT_ATOMIC_MASS, ELEMENT_PROTONS, ELEMENT_NEUTRONS) VALUES ('Fl', 'Flerovium', 289, 114, 175);
INSERT INTO ELEMENTS (ELEMENT_SYMBOL_ID, ELEMENT_NAME, ELEMENT_ATOMIC_MASS, ELEMENT_PROTONS, ELEMENT_NEUTRONS) VALUES ('Mc', 'Moscovium', 290, 115, 175);
INSERT INTO ELEMENTS (ELEMENT_SYMBOL_ID, ELEMENT_NAME, ELEMENT_ATOMIC_MASS, ELEMENT_PROTONS, ELEMENT_NEUTRONS) VALUES ('Lv', 'Livermorium', 293, 116, 177);
INSERT INTO ELEMENTS (ELEMENT_SYMBOL_ID, ELEMENT_NAME, ELEMENT_ATOMIC_MASS, ELEMENT_PROTONS, ELEMENT_NEUTRONS) VALUES ('Ts', 'Tennessine', 294, 117, 177);
INSERT INTO ELEMENTS (ELEMENT_SYMBOL_ID, ELEMENT_NAME, ELEMENT_ATOMIC_MASS, ELEMENT_PROTONS, ELEMENT_NEUTRONS) VALUES ('Og', 'Oganesson', 294, 118, 176);

CREATE TABLE CHEMICAL_FORMULAS (
    CHEMICAL_FORMULA_ID VARCHAR2(255) NOT NULL,
    HYDROGEN_SUBSCRIPT NUMBER,
    HELIUM_SUBSCRIPT NUMBER,
    LITHIUM_SUBSCRIPT NUMBER,
    BERYLLIUM_SUBSCRIPT NUMBER,
    BORON_SUBSCRIPT NUMBER,
    CARBON_SUBSCRIPT NUMBER,
    NITROGEN_SUBSCRIPT NUMBER,
    OXYGEN_SUBSCRIPT NUMBER,
    FLUORINE_SUBSCRIPT NUMBER,
    NEON_SUBSCRIPT NUMBER,
    SODIUM_SUBSCRIPT NUMBER,
    MAGNESIUM_SUBSCRIPT NUMBER,
    ALUMINUM_SUBSCRIPT NUMBER,
    SILICON_SUBSCRIPT NUMBER,
    PHOSPHORUS_SUBSCRIPT NUMBER,
    SULFUR_SUBSCRIPT NUMBER,
    CHLORINE_SUBSCRIPT NUMBER,
    ARGON_SUBSCRIPT NUMBER,
    POTASSIUM_SUBSCRIPT NUMBER,
    CALCIUM_SUBSCRIPT NUMBER,
    SCANDIUM_SUBSCRIPT NUMBER,
    TITANIUM_SUBSCRIPT NUMBER,
    VANADIUM_SUBSCRIPT NUMBER,
    CHROMIUM_SUBSCRIPT NUMBER,
    MANGANESE_SUBSCRIPT NUMBER,
    IRON_SUBSCRIPT NUMBER,
    COBALT_SUBSCRIPT NUMBER,
    NICKEL_SUBSCRIPT NUMBER,
    COPPER_SUBSCRIPT NUMBER,
    ZINC_SUBSCRIPT NUMBER,
    GALLIUM_SUBSCRIPT NUMBER,
    GERMANIUM_SUBSCRIPT NUMBER,
    ARSENIC_SUBSCRIPT NUMBER,
    SELENIUM_SUBSCRIPT NUMBER,
    BROMINE_SUBSCRIPT NUMBER,
    KRYPTON_SUBSCRIPT NUMBER,
    RUBIDIUM_SUBSCRIPT NUMBER,
    STRONTIUM_SUBSCRIPT NUMBER,
    YTTRIUM_SUBSCRIPT NUMBER,
    ZIRCONIUM_SUBSCRIPT NUMBER,
    NIOBIUM_SUBSCRIPT NUMBER,
    MOLYBDENUM_SUBSCRIPT NUMBER,
    TECHNETIUM_SUBSCRIPT NUMBER,
    RUTHENIUM_SUBSCRIPT NUMBER,
    RHODIUM_SUBSCRIPT NUMBER,
    PALLADIUM_SUBSCRIPT NUMBER,
    SILVER_SUBSCRIPT NUMBER,
    CADMIUM_SUBSCRIPT NUMBER,
    INDIUM_SUBSCRIPT NUMBER,
    TIN_SUBSCRIPT NUMBER,
    ANTIMONY_SUBSCRIPT NUMBER,
    TELLURIUM_SUBSCRIPT NUMBER,
    IODINE_SUBSCRIPT NUMBER,
    XENON_SUBSCRIPT NUMBER,
    CESIUM_SUBSCRIPT NUMBER,
    BARIUM_SUBSCRIPT NUMBER,
    LANTHANUM_SUBSCRIPT NUMBER,
    CERIUM_SUBSCRIPT NUMBER,
    PRASEODYMIUM_SUBSCRIPT NUMBER,
    NEODYMIUM_SUBSCRIPT NUMBER,
    PROMETHIUM_SUBSCRIPT NUMBER,
    SAMARIUM_SUBSCRIPT NUMBER,
    EUROPIUM_SUBSCRIPT NUMBER,
    GADOLINIUM_SUBSCRIPT NUMBER,
    TERBIUM_SUBSCRIPT NUMBER,
    DYSPROSIUM_SUBSCRIPT NUMBER,
    HOLMIUM_SUBSCRIPT NUMBER,
    ERBIUM_SUBSCRIPT NUMBER,
    THULIUM_SUBSCRIPT NUMBER,
    YTTERBIUM_SUBSCRIPT NUMBER,
    LUTETIUM_SUBSCRIPT NUMBER,
    HAFNIUM_SUBSCRIPT NUMBER,
    TANTALUM_SUBSCRIPT NUMBER,
    TUNGSTEN_SUBSCRIPT NUMBER,
    RHENIUM_SUBSCRIPT NUMBER,
    OSMIUM_SUBSCRIPT NUMBER,
    IRIDIUM_SUBSCRIPT NUMBER,
    PLATINUM_SUBSCRIPT NUMBER,
    GOLD_SUBSCRIPT NUMBER,
    MERCURY_SUBSCRIPT NUMBER,
    THALLIUM_SUBSCRIPT NUMBER,
    LEAD_SUBSCRIPT NUMBER,
    BISMUTH_SUBSCRIPT NUMBER,
    POLONIUM_SUBSCRIPT NUMBER,
    ASTATINE_SUBSCRIPT NUMBER,
    RADON_SUBSCRIPT NUMBER,
    FRANCIUM_SUBSCRIPT NUMBER,
    RADIUM_SUBSCRIPT NUMBER,
    ACTINIUM_SUBSCRIPT NUMBER,
    THORIUM_SUBSCRIPT NUMBER,
    PROTACTINIUM_SUBSCRIPT NUMBER,
    URANIUM_SUBSCRIPT NUMBER,
    NEPTUNIUM_SUBSCRIPT NUMBER,
    PLUTONIUM_SUBSCRIPT NUMBER,
    AMERICIUM_SUBSCRIPT NUMBER,
    CURIUM_SUBSCRIPT NUMBER,
    BERKELIUM_SUBSCRIPT NUMBER,
    CALIFORNIUM_SUBSCRIPT NUMBER,
    EINSTEINIUM_SUBSCRIPT NUMBER,
    FERMIUM_SUBSCRIPT NUMBER,
    MENDELEVIUM_SUBSCRIPT NUMBER,
    NOBELIUM_SUBSCRIPT NUMBER,
    LAWRENCIUM_SUBSCRIPT NUMBER,
    RUTHERFORDIUM_SUBSCRIPT NUMBER,
    DUBNIUM_SUBSCRIPT NUMBER,
    SEABORGIUM_SUBSCRIPT NUMBER,
    BOHRIUM_SUBSCRIPT NUMBER,
    HASSIUM_SUBSCRIPT NUMBER,
    MEITNERIUM_SUBSCRIPT NUMBER,
    DARMSTADTIUM_SUBSCRIPT NUMBER,
    ROENTGENIUM_SUBSCRIPT NUMBER,
    COPERNICIUM_SUBSCRIPT NUMBER,
    NIHONIUM_SUBSCRIPT NUMBER,
    FLEROVIUM_SUBSCRIPT NUMBER,
    MOSCOVIUM_SUBSCRIPT NUMBER,
    LIVERMORIUM_SUBSCRIPT NUMBER,
    TENNESSINE_SUBSCRIPT NUMBER,
    OGANESSON_SUBSCRIPT NUMBER
);

ALTER TABLE CHEMICAL_FORMULAS ADD CONSTRAINT chemical_formula_id_pk PRIMARY KEY (CHEMICAL_FORMULA_ID);

COMMENT ON TABLE CHEMICAL_FORMULAS IS 'Chemical formulas with the subscripts of their elements.';

-- #· Nitrogenated Bases
-- Adenina
INSERT INTO CHEMICAL_FORMULAS (CHEMICAL_FORMULA_ID, CARBON_SUBSCRIPT, HYDROGEN_SUBSCRIPT, NITROGEN_SUBSCRIPT) VALUES ('C5H5N5', '5', '5', '5');

-- Timina
INSERT INTO CHEMICAL_FORMULAS (CHEMICAL_FORMULA_ID, CARBON_SUBSCRIPT, HYDROGEN_SUBSCRIPT, NITROGEN_SUBSCRIPT, OXYGEN_SUBSCRIPT) VALUES ('C5H6N2O2', '5', '6', '2', '2');

-- Guanina
INSERT INTO CHEMICAL_FORMULAS (CHEMICAL_FORMULA_ID, CARBON_SUBSCRIPT, HYDROGEN_SUBSCRIPT, NITROGEN_SUBSCRIPT, OXYGEN_SUBSCRIPT) VALUES ('C5H5N5O1', '5', '5', '5', '1');

-- Citosina
INSERT INTO CHEMICAL_FORMULAS (CHEMICAL_FORMULA_ID, CARBON_SUBSCRIPT, HYDROGEN_SUBSCRIPT, NITROGEN_SUBSCRIPT, OXYGEN_SUBSCRIPT) VALUES ('C4H5N3O1', '4', '5', '3', '1');

-- Uracil
INSERT INTO CHEMICAL_FORMULAS (CHEMICAL_FORMULA_ID, CARBON_SUBSCRIPT, HYDROGEN_SUBSCRIPT, NITROGEN_SUBSCRIPT, OXYGEN_SUBSCRIPT) VALUES ('C4H4N2O2', '4', '4', '2', '2');

-- #· Aminoacids
-- Isoleucine (Ile) & Leucine (Leu)
INSERT INTO CHEMICAL_FORMULAS (CHEMICAL_FORMULA_ID, CARBON_SUBSCRIPT, HYDROGEN_SUBSCRIPT, NITROGEN_SUBSCRIPT, OXYGEN_SUBSCRIPT) VALUES ('C6H13N1O2', '6', '13', '1', '2');

-- Methionine (Met)
INSERT INTO CHEMICAL_FORMULAS (CHEMICAL_FORMULA_ID, CARBON_SUBSCRIPT, HYDROGEN_SUBSCRIPT, NITROGEN_SUBSCRIPT, OXYGEN_SUBSCRIPT, SULFUR_SUBSCRIPT) VALUES ('C5H11N1O2S1', '5', '11', '1', '2', '1');

-- Threonine (Thr)
INSERT INTO CHEMICAL_FORMULAS (CHEMICAL_FORMULA_ID, CARBON_SUBSCRIPT, HYDROGEN_SUBSCRIPT, NITROGEN_SUBSCRIPT, OXYGEN_SUBSCRIPT) VALUES ('C4H9N1O3', '4', '9', '1', '3');

-- Asparagine (Asn)
INSERT INTO CHEMICAL_FORMULAS (CHEMICAL_FORMULA_ID, CARBON_SUBSCRIPT, HYDROGEN_SUBSCRIPT, NITROGEN_SUBSCRIPT, OXYGEN_SUBSCRIPT) VALUES ('C4H8N2O3', '4', '8', '2', '3');

-- Lysine (Lys)
INSERT INTO CHEMICAL_FORMULAS (CHEMICAL_FORMULA_ID, CARBON_SUBSCRIPT, HYDROGEN_SUBSCRIPT, NITROGEN_SUBSCRIPT, OXYGEN_SUBSCRIPT) VALUES ('C6H14N2O2', '6', '14', '2', '2');

-- Serine (Ser)
INSERT INTO CHEMICAL_FORMULAS (CHEMICAL_FORMULA_ID, CARBON_SUBSCRIPT, HYDROGEN_SUBSCRIPT, NITROGEN_SUBSCRIPT, OXYGEN_SUBSCRIPT) VALUES ('C3H7N1O3', '3', '7', '1', '3');

-- Arginine (Arg)
INSERT INTO CHEMICAL_FORMULAS (CHEMICAL_FORMULA_ID, CARBON_SUBSCRIPT, HYDROGEN_SUBSCRIPT, NITROGEN_SUBSCRIPT, OXYGEN_SUBSCRIPT) VALUES ('C6H14N4O2', '6', '14', '4', '2');

-- Proline (Pro)
INSERT INTO CHEMICAL_FORMULAS (CHEMICAL_FORMULA_ID, CARBON_SUBSCRIPT, HYDROGEN_SUBSCRIPT, NITROGEN_SUBSCRIPT, OXYGEN_SUBSCRIPT) VALUES ('C5H9N1O2', '5', '9', '1', '2');

-- Histidine (His)
INSERT INTO CHEMICAL_FORMULAS (CHEMICAL_FORMULA_ID, CARBON_SUBSCRIPT, HYDROGEN_SUBSCRIPT, NITROGEN_SUBSCRIPT, OXYGEN_SUBSCRIPT) VALUES ('C6H9N3O2', '6', '9', '3', '2');

-- Glutamine (Gln)
INSERT INTO CHEMICAL_FORMULAS (CHEMICAL_FORMULA_ID, CARBON_SUBSCRIPT, HYDROGEN_SUBSCRIPT, NITROGEN_SUBSCRIPT, OXYGEN_SUBSCRIPT) VALUES ('C5H10N2O3', '5', '10', '2', '3');

-- Valine (Val)
INSERT INTO CHEMICAL_FORMULAS (CHEMICAL_FORMULA_ID, CARBON_SUBSCRIPT, HYDROGEN_SUBSCRIPT, NITROGEN_SUBSCRIPT, OXYGEN_SUBSCRIPT) VALUES ('C5H11N1O2', '5', '11', '1', '2');

-- Alanine (Ala)
INSERT INTO CHEMICAL_FORMULAS (CHEMICAL_FORMULA_ID, CARBON_SUBSCRIPT, HYDROGEN_SUBSCRIPT, NITROGEN_SUBSCRIPT, OXYGEN_SUBSCRIPT) VALUES ('C3H7N1O2', '3', '7', '1', '2');

-- Aspartate (Asp)
INSERT INTO CHEMICAL_FORMULAS (CHEMICAL_FORMULA_ID, CARBON_SUBSCRIPT, HYDROGEN_SUBSCRIPT, NITROGEN_SUBSCRIPT, OXYGEN_SUBSCRIPT) VALUES ('C4H7N1O4', '4', '7', '1', '4');

-- Glutamate (Glu)
INSERT INTO CHEMICAL_FORMULAS (CHEMICAL_FORMULA_ID, CARBON_SUBSCRIPT, HYDROGEN_SUBSCRIPT, NITROGEN_SUBSCRIPT, OXYGEN_SUBSCRIPT) VALUES ('C5H9N1O4', '5', '9', '1', '4');

-- Glycine (Gly)
INSERT INTO CHEMICAL_FORMULAS (CHEMICAL_FORMULA_ID, CARBON_SUBSCRIPT, HYDROGEN_SUBSCRIPT, NITROGEN_SUBSCRIPT, OXYGEN_SUBSCRIPT) VALUES ('C2H5N1O2', '2', '5', '1', '2');

-- Cysteine (Cys)
INSERT INTO CHEMICAL_FORMULAS (CHEMICAL_FORMULA_ID, CARBON_SUBSCRIPT, HYDROGEN_SUBSCRIPT, NITROGEN_SUBSCRIPT, OXYGEN_SUBSCRIPT, SULFUR_SUBSCRIPT) VALUES ('C3H7N1O2S1', '3', '7', '1', '2', '1');

-- Phenylalanine (Phe)
INSERT INTO CHEMICAL_FORMULAS (CHEMICAL_FORMULA_ID, CARBON_SUBSCRIPT, HYDROGEN_SUBSCRIPT, NITROGEN_SUBSCRIPT, OXYGEN_SUBSCRIPT) VALUES ('C9H11N1O2', '9', '11', '1', '2');

-- Tyrosine (Tyr)
INSERT INTO CHEMICAL_FORMULAS (CHEMICAL_FORMULA_ID, CARBON_SUBSCRIPT, HYDROGEN_SUBSCRIPT, NITROGEN_SUBSCRIPT, OXYGEN_SUBSCRIPT) VALUES ('C9H11N1O1', '9', '11', '1', '1');

-- Tryptophan (Trp)
INSERT INTO CHEMICAL_FORMULAS (CHEMICAL_FORMULA_ID, CARBON_SUBSCRIPT, HYDROGEN_SUBSCRIPT, NITROGEN_SUBSCRIPT, OXYGEN_SUBSCRIPT) VALUES ('C11H12N2O2', '11', '12', '2', '2');

CREATE TABLE ELEMENTS_CHEMICALFORMULAS (
    ELEMENTS_CHEMICALFORMULAS_ID NUMBER GENERATED ALWAYS AS IDENTITY NOT NULL,
    CHEMICAL_FORMULA_ID VARCHAR2(255) NOT NULL,
    HYDROGEN_SYMBOL VARCHAR2(2),
    HELIUM_SYMBOL VARCHAR2(2),
    LITHIUM_SYMBOL VARCHAR2(2),
    BERYLLIUM_SYMBOL VARCHAR2(2),
    BORON_SYMBOL VARCHAR2(2),
    CARBON_SYMBOL VARCHAR2(2),
    NITROGEN_SYMBOL VARCHAR2(2),
    OXYGEN_SYMBOL VARCHAR2(2),
    FLUORINE_SYMBOL VARCHAR2(2),
    NEON_SYMBOL VARCHAR2(2),
    SODIUM_SYMBOL VARCHAR2(2),
    MAGNESIUM_SYMBOL VARCHAR2(2),
    ALUMINUM_SYMBOL VARCHAR2(2),
    SILICON_SYMBOL VARCHAR2(2),
    PHOSPHORUS_SYMBOL VARCHAR2(2),
    SULFUR_SYMBOL VARCHAR2(2),
    CHLORINE_SYMBOL VARCHAR2(2),
    ARGON_SYMBOL VARCHAR2(2),
    POTASSIUM_SYMBOL VARCHAR2(2),
    CALCIUM_SYMBOL VARCHAR2(2),
    SCANDIUM_SYMBOL VARCHAR2(2),
    TITANIUM_SYMBOL VARCHAR2(2),
    VANADIUM_SYMBOL VARCHAR2(2),
    CHROMIUM_SYMBOL VARCHAR2(2),
    MANGANESE_SYMBOL VARCHAR2(2),
    IRON_SYMBOL VARCHAR2(2),
    COBALT_SYMBOL VARCHAR2(2),
    NICKEL_SYMBOL VARCHAR2(2),
    COPPER_SYMBOL VARCHAR2(2),
    ZINC_SYMBOL VARCHAR2(2),
    GALLIUM_SYMBOL VARCHAR2(2),
    GERMANIUM_SYMBOL VARCHAR2(2),
    ARSENIC_SYMBOL VARCHAR2(2),
    SELENIUM_SYMBOL VARCHAR2(2),
    BROMINE_SYMBOL VARCHAR2(2),
    KRYPTON_SYMBOL VARCHAR2(2),
    RUBIDIUM_SYMBOL VARCHAR2(2),
    STRONTIUM_SYMBOL VARCHAR2(2),
    YTTRIUM_SYMBOL VARCHAR2(2),
    ZIRCONIUM_SYMBOL VARCHAR2(2),
    NIOBIUM_SYMBOL VARCHAR2(2),
    MOLYBDENUM_SYMBOL VARCHAR2(2),
    TECHNETIUM_SYMBOL VARCHAR2(2),
    RUTHENIUM_SYMBOL VARCHAR2(2),
    RHODIUM_SYMBOL VARCHAR2(2),
    PALLADIUM_SYMBOL VARCHAR2(2),
    SILVER_SYMBOL VARCHAR2(2),
    CADMIUM_SYMBOL VARCHAR2(2),
    INDIUM_SYMBOL VARCHAR2(2),
    TIN_SYMBOL VARCHAR2(2),
    ANTIMONY_SYMBOL VARCHAR2(2),
    TELLURIUM_SYMBOL VARCHAR2(2),
    IODINE_SYMBOL VARCHAR2(2),
    XENON_SYMBOL VARCHAR2(2),
    CESIUM_SYMBOL VARCHAR2(2),
    BARIUM_SYMBOL VARCHAR2(2),
    LANTHANUM_SYMBOL VARCHAR2(2),
    CERIUM_SYMBOL VARCHAR2(2),
    PRASEODYMIUM_SYMBOL VARCHAR2(2),
    NEODYMIUM_SYMBOL VARCHAR2(2),
    PROMETHIUM_SYMBOL VARCHAR2(2),
    SAMARIUM_SYMBOL VARCHAR2(2),
    EUROPIUM_SYMBOL VARCHAR2(2),
    GADOLINIUM_SYMBOL VARCHAR2(2),
    TERBIUM_SYMBOL VARCHAR2(2),
    DYSPROSIUM_SYMBOL VARCHAR2(2),
    HOLMIUM_SYMBOL VARCHAR2(2),
    ERBIUM_SYMBOL VARCHAR2(2),
    THULIUM_SYMBOL VARCHAR2(2),
    YTTERBIUM_SYMBOL VARCHAR2(2),
    LUTETIUM_SYMBOL VARCHAR2(2),
    HAFNIUM_SYMBOL VARCHAR2(2),
    TANTALUM_SYMBOL VARCHAR2(2),
    TUNGSTEN_SYMBOL VARCHAR2(2),
    RHENIUM_SYMBOL VARCHAR2(2),
    OSMIUM_SYMBOL VARCHAR2(2),
    IRIDIUM_SYMBOL VARCHAR2(2),
    PLATINUM_SYMBOL VARCHAR2(2),
    GOLD_SYMBOL VARCHAR2(2),
    MERCURY_SYMBOL VARCHAR2(2),
    THALLIUM_SYMBOL VARCHAR2(2),
    LEAD_SYMBOL VARCHAR2(2),
    BISMUTH_SYMBOL VARCHAR2(2),
    POLONIUM_SYMBOL VARCHAR2(2),
    ASTATINE_SYMBOL VARCHAR2(2),
    RADON_SYMBOL VARCHAR2(2),
    FRANCIUM_SYMBOL VARCHAR2(2),
    RADIUM_SYMBOL VARCHAR2(2),
    ACTINIUM_SYMBOL VARCHAR2(2),
    THORIUM_SYMBOL VARCHAR2(2),
    PROTACTINIUM_SYMBOL VARCHAR2(2),
    URANIUM_SYMBOL VARCHAR2(2),
    NEPTUNIUM_SYMBOL VARCHAR2(2),
    PLUTONIUM_SYMBOL VARCHAR2(2),
    AMERICIUM_SYMBOL VARCHAR2(2),
    CURIUM_SYMBOL VARCHAR2(2),
    BERKELIUM_SYMBOL VARCHAR2(2),
    CALIFORNIUM_SYMBOL VARCHAR2(2),
    EINSTEINIUM_SYMBOL VARCHAR2(2),
    FERMIUM_SYMBOL VARCHAR2(2),
    MENDELEVIUM_SYMBOL VARCHAR2(2),
    NOBELIUM_SYMBOL VARCHAR2(2),
    LAWRENCIUM_SYMBOL VARCHAR2(2),
    RUTHERFORDIUM_SYMBOL VARCHAR2(2),
    DUBNIUM_SYMBOL VARCHAR2(2),
    SEABORGIUM_SYMBOL VARCHAR2(2),
    BOHRIUM_SYMBOL VARCHAR2(2),
    HASSIUM_SYMBOL VARCHAR2(2),
    MEITNERIUM_SYMBOL VARCHAR2(2),
    DARMSTADTIUM_SYMBOL VARCHAR2(2),
    ROENTGENIUM_SYMBOL VARCHAR2(2),
    COPERNICIUM_SYMBOL VARCHAR2(2),
    NIHONIUM_SYMBOL VARCHAR2(2),
    FLEROVIUM_SYMBOL VARCHAR2(2),
    MOSCOVIUM_SYMBOL VARCHAR2(2),
    LIVERMORIUM_SYMBOL VARCHAR2(2),
    TENNESSINE_SYMBOL VARCHAR2(2),
    OGANESSON_SYMBOL VARCHAR2(2)
);

ALTER TABLE ELEMENTS_CHEMICALFORMULAS ADD CONSTRAINT elements_chemicalformulas_id_pk PRIMARY KEY (ELEMENTS_CHEMICALFORMULAS_ID);

ALTER TABLE ELEMENTS_CHEMICALFORMULAS ADD CONSTRAINT chemical_formula_fk FOREIGN KEY (CHEMICAL_FORMULA_ID) REFERENCES CHEMICAL_FORMULAS(CHEMICAL_FORMULA_ID) ON DELETE CASCADE;
ALTER TABLE ELEMENTS_CHEMICALFORMULAS ADD CONSTRAINT hydrogen_symbol_fk FOREIGN KEY (HYDROGEN_SYMBOL) REFERENCES ELEMENTS(ELEMENT_SYMBOL_ID) ON DELETE CASCADE;
ALTER TABLE ELEMENTS_CHEMICALFORMULAS ADD CONSTRAINT helium_symbol_fk FOREIGN KEY (HELIUM_SYMBOL) REFERENCES ELEMENTS(ELEMENT_SYMBOL_ID) ON DELETE CASCADE;
ALTER TABLE ELEMENTS_CHEMICALFORMULAS ADD CONSTRAINT lithium_symbol_fk FOREIGN KEY (LITHIUM_SYMBOL) REFERENCES ELEMENTS(ELEMENT_SYMBOL_ID) ON DELETE CASCADE;
ALTER TABLE ELEMENTS_CHEMICALFORMULAS ADD CONSTRAINT beryllium_symbol_fk FOREIGN KEY (BERYLLIUM_SYMBOL) REFERENCES ELEMENTS(ELEMENT_SYMBOL_ID) ON DELETE CASCADE;
ALTER TABLE ELEMENTS_CHEMICALFORMULAS ADD CONSTRAINT boron_symbol_fk FOREIGN KEY (BORON_SYMBOL) REFERENCES ELEMENTS(ELEMENT_SYMBOL_ID) ON DELETE CASCADE;
ALTER TABLE ELEMENTS_CHEMICALFORMULAS ADD CONSTRAINT carbon_symbol_fk FOREIGN KEY (CARBON_SYMBOL) REFERENCES ELEMENTS(ELEMENT_SYMBOL_ID) ON DELETE CASCADE;
ALTER TABLE ELEMENTS_CHEMICALFORMULAS ADD CONSTRAINT nitrogen_symbol_fk FOREIGN KEY (NITROGEN_SYMBOL) REFERENCES ELEMENTS(ELEMENT_SYMBOL_ID) ON DELETE CASCADE;
ALTER TABLE ELEMENTS_CHEMICALFORMULAS ADD CONSTRAINT oxygen_symbol_fk FOREIGN KEY (OXYGEN_SYMBOL) REFERENCES ELEMENTS(ELEMENT_SYMBOL_ID) ON DELETE CASCADE;
ALTER TABLE ELEMENTS_CHEMICALFORMULAS ADD CONSTRAINT fluorine_symbol_fk FOREIGN KEY (FLUORINE_SYMBOL) REFERENCES ELEMENTS(ELEMENT_SYMBOL_ID) ON DELETE CASCADE;
ALTER TABLE ELEMENTS_CHEMICALFORMULAS ADD CONSTRAINT neon_symbol_fk FOREIGN KEY (NEON_SYMBOL) REFERENCES ELEMENTS(ELEMENT_SYMBOL_ID) ON DELETE CASCADE;
ALTER TABLE ELEMENTS_CHEMICALFORMULAS ADD CONSTRAINT sodium_symbol_fk FOREIGN KEY (SODIUM_SYMBOL) REFERENCES ELEMENTS(ELEMENT_SYMBOL_ID) ON DELETE CASCADE;
ALTER TABLE ELEMENTS_CHEMICALFORMULAS ADD CONSTRAINT magnesium_symbol_fk FOREIGN KEY (MAGNESIUM_SYMBOL) REFERENCES ELEMENTS(ELEMENT_SYMBOL_ID) ON DELETE CASCADE;
ALTER TABLE ELEMENTS_CHEMICALFORMULAS ADD CONSTRAINT aluminum_symbol_fk FOREIGN KEY (ALUMINUM_SYMBOL) REFERENCES ELEMENTS(ELEMENT_SYMBOL_ID) ON DELETE CASCADE;
ALTER TABLE ELEMENTS_CHEMICALFORMULAS ADD CONSTRAINT silicon_symbol_fk FOREIGN KEY (SILICON_SYMBOL) REFERENCES ELEMENTS(ELEMENT_SYMBOL_ID) ON DELETE CASCADE;
ALTER TABLE ELEMENTS_CHEMICALFORMULAS ADD CONSTRAINT phosphorus_symbol_fk FOREIGN KEY (PHOSPHORUS_SYMBOL) REFERENCES ELEMENTS(ELEMENT_SYMBOL_ID) ON DELETE CASCADE;
ALTER TABLE ELEMENTS_CHEMICALFORMULAS ADD CONSTRAINT sulfur_symbol_fk FOREIGN KEY (SULFUR_SYMBOL) REFERENCES ELEMENTS(ELEMENT_SYMBOL_ID) ON DELETE CASCADE;
ALTER TABLE ELEMENTS_CHEMICALFORMULAS ADD CONSTRAINT chlorine_symbol_fk FOREIGN KEY (CHLORINE_SYMBOL) REFERENCES ELEMENTS(ELEMENT_SYMBOL_ID) ON DELETE CASCADE;
ALTER TABLE ELEMENTS_CHEMICALFORMULAS ADD CONSTRAINT argon_symbol_fk FOREIGN KEY (ARGON_SYMBOL) REFERENCES ELEMENTS(ELEMENT_SYMBOL_ID) ON DELETE CASCADE;
ALTER TABLE ELEMENTS_CHEMICALFORMULAS ADD CONSTRAINT potassium_symbol_fk FOREIGN KEY (POTASSIUM_SYMBOL) REFERENCES ELEMENTS(ELEMENT_SYMBOL_ID) ON DELETE CASCADE;
ALTER TABLE ELEMENTS_CHEMICALFORMULAS ADD CONSTRAINT calcium_symbol_fk FOREIGN KEY (CALCIUM_SYMBOL) REFERENCES ELEMENTS(ELEMENT_SYMBOL_ID) ON DELETE CASCADE;
ALTER TABLE ELEMENTS_CHEMICALFORMULAS ADD CONSTRAINT scandium_symbol_fk FOREIGN KEY (SCANDIUM_SYMBOL) REFERENCES ELEMENTS(ELEMENT_SYMBOL_ID) ON DELETE CASCADE;
ALTER TABLE ELEMENTS_CHEMICALFORMULAS ADD CONSTRAINT titanium_symbol_fk FOREIGN KEY (TITANIUM_SYMBOL) REFERENCES ELEMENTS(ELEMENT_SYMBOL_ID) ON DELETE CASCADE;
ALTER TABLE ELEMENTS_CHEMICALFORMULAS ADD CONSTRAINT vanadium_symbol_fk FOREIGN KEY (VANADIUM_SYMBOL) REFERENCES ELEMENTS(ELEMENT_SYMBOL_ID) ON DELETE CASCADE;
ALTER TABLE ELEMENTS_CHEMICALFORMULAS ADD CONSTRAINT chromium_symbol_fk FOREIGN KEY (CHROMIUM_SYMBOL) REFERENCES ELEMENTS(ELEMENT_SYMBOL_ID) ON DELETE CASCADE;
ALTER TABLE ELEMENTS_CHEMICALFORMULAS ADD CONSTRAINT manganese_symbol_fk FOREIGN KEY (MANGANESE_SYMBOL) REFERENCES ELEMENTS(ELEMENT_SYMBOL_ID) ON DELETE CASCADE;
ALTER TABLE ELEMENTS_CHEMICALFORMULAS ADD CONSTRAINT iron_symbol_fk FOREIGN KEY (IRON_SYMBOL) REFERENCES ELEMENTS(ELEMENT_SYMBOL_ID) ON DELETE CASCADE;
ALTER TABLE ELEMENTS_CHEMICALFORMULAS ADD CONSTRAINT cobalt_symbol_fk FOREIGN KEY (COBALT_SYMBOL) REFERENCES ELEMENTS(ELEMENT_SYMBOL_ID) ON DELETE CASCADE;
ALTER TABLE ELEMENTS_CHEMICALFORMULAS ADD CONSTRAINT nickel_symbol_fk FOREIGN KEY (NICKEL_SYMBOL) REFERENCES ELEMENTS(ELEMENT_SYMBOL_ID) ON DELETE CASCADE;
ALTER TABLE ELEMENTS_CHEMICALFORMULAS ADD CONSTRAINT copper_symbol_fk FOREIGN KEY (COPPER_SYMBOL) REFERENCES ELEMENTS(ELEMENT_SYMBOL_ID) ON DELETE CASCADE;
ALTER TABLE ELEMENTS_CHEMICALFORMULAS ADD CONSTRAINT zinc_symbol_fk FOREIGN KEY (ZINC_SYMBOL) REFERENCES ELEMENTS(ELEMENT_SYMBOL_ID) ON DELETE CASCADE;
ALTER TABLE ELEMENTS_CHEMICALFORMULAS ADD CONSTRAINT gallium_symbol_fk FOREIGN KEY (GALLIUM_SYMBOL) REFERENCES ELEMENTS(ELEMENT_SYMBOL_ID) ON DELETE CASCADE;
ALTER TABLE ELEMENTS_CHEMICALFORMULAS ADD CONSTRAINT germanium_symbol_fk FOREIGN KEY (GERMANIUM_SYMBOL) REFERENCES ELEMENTS(ELEMENT_SYMBOL_ID) ON DELETE CASCADE;
ALTER TABLE ELEMENTS_CHEMICALFORMULAS ADD CONSTRAINT arsenic_symbol_fk FOREIGN KEY (ARSENIC_SYMBOL) REFERENCES ELEMENTS(ELEMENT_SYMBOL_ID) ON DELETE CASCADE;
ALTER TABLE ELEMENTS_CHEMICALFORMULAS ADD CONSTRAINT selenium_symbol_fk FOREIGN KEY (SELENIUM_SYMBOL) REFERENCES ELEMENTS(ELEMENT_SYMBOL_ID) ON DELETE CASCADE;
ALTER TABLE ELEMENTS_CHEMICALFORMULAS ADD CONSTRAINT bromine_symbol_fk FOREIGN KEY (BROMINE_SYMBOL) REFERENCES ELEMENTS(ELEMENT_SYMBOL_ID) ON DELETE CASCADE;
ALTER TABLE ELEMENTS_CHEMICALFORMULAS ADD CONSTRAINT krypton_symbol_fk FOREIGN KEY (KRYPTON_SYMBOL) REFERENCES ELEMENTS(ELEMENT_SYMBOL_ID) ON DELETE CASCADE;
ALTER TABLE ELEMENTS_CHEMICALFORMULAS ADD CONSTRAINT rubidium_symbol_fk FOREIGN KEY (RUBIDIUM_SYMBOL) REFERENCES ELEMENTS(ELEMENT_SYMBOL_ID) ON DELETE CASCADE;
ALTER TABLE ELEMENTS_CHEMICALFORMULAS ADD CONSTRAINT strontium_symbol_fk FOREIGN KEY (STRONTIUM_SYMBOL) REFERENCES ELEMENTS(ELEMENT_SYMBOL_ID) ON DELETE CASCADE;
ALTER TABLE ELEMENTS_CHEMICALFORMULAS ADD CONSTRAINT yttrium_symbol_fk FOREIGN KEY (YTTRIUM_SYMBOL) REFERENCES ELEMENTS(ELEMENT_SYMBOL_ID) ON DELETE CASCADE;
ALTER TABLE ELEMENTS_CHEMICALFORMULAS ADD CONSTRAINT zirconium_symbol_fk FOREIGN KEY (ZIRCONIUM_SYMBOL) REFERENCES ELEMENTS(ELEMENT_SYMBOL_ID) ON DELETE CASCADE;
ALTER TABLE ELEMENTS_CHEMICALFORMULAS ADD CONSTRAINT niobium_symbol_fk FOREIGN KEY (NIOBIUM_SYMBOL) REFERENCES ELEMENTS(ELEMENT_SYMBOL_ID) ON DELETE CASCADE;
ALTER TABLE ELEMENTS_CHEMICALFORMULAS ADD CONSTRAINT molybdenum_symbol_fk FOREIGN KEY (MOLYBDENUM_SYMBOL) REFERENCES ELEMENTS(ELEMENT_SYMBOL_ID) ON DELETE CASCADE;
ALTER TABLE ELEMENTS_CHEMICALFORMULAS ADD CONSTRAINT technetium_symbol_fk FOREIGN KEY (TECHNETIUM_SYMBOL) REFERENCES ELEMENTS(ELEMENT_SYMBOL_ID) ON DELETE CASCADE;
ALTER TABLE ELEMENTS_CHEMICALFORMULAS ADD CONSTRAINT ruthenium_symbol_fk FOREIGN KEY (RUTHENIUM_SYMBOL) REFERENCES ELEMENTS(ELEMENT_SYMBOL_ID) ON DELETE CASCADE;
ALTER TABLE ELEMENTS_CHEMICALFORMULAS ADD CONSTRAINT rhodium_symbol_fk FOREIGN KEY (RHODIUM_SYMBOL) REFERENCES ELEMENTS(ELEMENT_SYMBOL_ID) ON DELETE CASCADE;
ALTER TABLE ELEMENTS_CHEMICALFORMULAS ADD CONSTRAINT palladium_symbol_fk FOREIGN KEY (PALLADIUM_SYMBOL) REFERENCES ELEMENTS(ELEMENT_SYMBOL_ID) ON DELETE CASCADE;
ALTER TABLE ELEMENTS_CHEMICALFORMULAS ADD CONSTRAINT silver_symbol_fk FOREIGN KEY (SILVER_SYMBOL) REFERENCES ELEMENTS(ELEMENT_SYMBOL_ID) ON DELETE CASCADE;
ALTER TABLE ELEMENTS_CHEMICALFORMULAS ADD CONSTRAINT cadmium_symbol_fk FOREIGN KEY (CADMIUM_SYMBOL) REFERENCES ELEMENTS(ELEMENT_SYMBOL_ID) ON DELETE CASCADE;
ALTER TABLE ELEMENTS_CHEMICALFORMULAS ADD CONSTRAINT indium_symbol_fk FOREIGN KEY (INDIUM_SYMBOL) REFERENCES ELEMENTS(ELEMENT_SYMBOL_ID) ON DELETE CASCADE;
ALTER TABLE ELEMENTS_CHEMICALFORMULAS ADD CONSTRAINT tin_symbol_fk FOREIGN KEY (TIN_SYMBOL) REFERENCES ELEMENTS(ELEMENT_SYMBOL_ID) ON DELETE CASCADE;
ALTER TABLE ELEMENTS_CHEMICALFORMULAS ADD CONSTRAINT antimony_symbol_fk FOREIGN KEY (ANTIMONY_SYMBOL) REFERENCES ELEMENTS(ELEMENT_SYMBOL_ID) ON DELETE CASCADE;
ALTER TABLE ELEMENTS_CHEMICALFORMULAS ADD CONSTRAINT tellurium_symbol_fk FOREIGN KEY (TELLURIUM_SYMBOL) REFERENCES ELEMENTS(ELEMENT_SYMBOL_ID) ON DELETE CASCADE;
ALTER TABLE ELEMENTS_CHEMICALFORMULAS ADD CONSTRAINT iodine_symbol_fk FOREIGN KEY (IODINE_SYMBOL) REFERENCES ELEMENTS(ELEMENT_SYMBOL_ID) ON DELETE CASCADE;
ALTER TABLE ELEMENTS_CHEMICALFORMULAS ADD CONSTRAINT xenon_symbol_fk FOREIGN KEY (XENON_SYMBOL) REFERENCES ELEMENTS(ELEMENT_SYMBOL_ID) ON DELETE CASCADE;
ALTER TABLE ELEMENTS_CHEMICALFORMULAS ADD CONSTRAINT cesium_symbol_fk FOREIGN KEY (CESIUM_SYMBOL) REFERENCES ELEMENTS(ELEMENT_SYMBOL_ID) ON DELETE CASCADE;
ALTER TABLE ELEMENTS_CHEMICALFORMULAS ADD CONSTRAINT barium_symbol_fk FOREIGN KEY (BARIUM_SYMBOL) REFERENCES ELEMENTS(ELEMENT_SYMBOL_ID) ON DELETE CASCADE;
ALTER TABLE ELEMENTS_CHEMICALFORMULAS ADD CONSTRAINT lanthanum_symbol_fk FOREIGN KEY (LANTHANUM_SYMBOL) REFERENCES ELEMENTS(ELEMENT_SYMBOL_ID) ON DELETE CASCADE;
ALTER TABLE ELEMENTS_CHEMICALFORMULAS ADD CONSTRAINT cerium_symbol_fk FOREIGN KEY (CERIUM_SYMBOL) REFERENCES ELEMENTS(ELEMENT_SYMBOL_ID) ON DELETE CASCADE;
ALTER TABLE ELEMENTS_CHEMICALFORMULAS ADD CONSTRAINT praseodymium_symbol_fk FOREIGN KEY (PRASEODYMIUM_SYMBOL) REFERENCES ELEMENTS(ELEMENT_SYMBOL_ID) ON DELETE CASCADE;
ALTER TABLE ELEMENTS_CHEMICALFORMULAS ADD CONSTRAINT neodymium_symbol_fk FOREIGN KEY (NEODYMIUM_SYMBOL) REFERENCES ELEMENTS(ELEMENT_SYMBOL_ID) ON DELETE CASCADE;
ALTER TABLE ELEMENTS_CHEMICALFORMULAS ADD CONSTRAINT promethium_symbol_fk FOREIGN KEY (PROMETHIUM_SYMBOL) REFERENCES ELEMENTS(ELEMENT_SYMBOL_ID) ON DELETE CASCADE;
ALTER TABLE ELEMENTS_CHEMICALFORMULAS ADD CONSTRAINT samarium_symbol_fk FOREIGN KEY (SAMARIUM_SYMBOL) REFERENCES ELEMENTS(ELEMENT_SYMBOL_ID) ON DELETE CASCADE;
ALTER TABLE ELEMENTS_CHEMICALFORMULAS ADD CONSTRAINT europium_symbol_fk FOREIGN KEY (EUROPIUM_SYMBOL) REFERENCES ELEMENTS(ELEMENT_SYMBOL_ID) ON DELETE CASCADE;
ALTER TABLE ELEMENTS_CHEMICALFORMULAS ADD CONSTRAINT gadolinium_symbol_fk FOREIGN KEY (GADOLINIUM_SYMBOL) REFERENCES ELEMENTS(ELEMENT_SYMBOL_ID) ON DELETE CASCADE;
ALTER TABLE ELEMENTS_CHEMICALFORMULAS ADD CONSTRAINT terbium_symbol_fk FOREIGN KEY (TERBIUM_SYMBOL) REFERENCES ELEMENTS(ELEMENT_SYMBOL_ID) ON DELETE CASCADE;
ALTER TABLE ELEMENTS_CHEMICALFORMULAS ADD CONSTRAINT dysprosium_symbol_fk FOREIGN KEY (DYSPROSIUM_SYMBOL) REFERENCES ELEMENTS(ELEMENT_SYMBOL_ID) ON DELETE CASCADE;
ALTER TABLE ELEMENTS_CHEMICALFORMULAS ADD CONSTRAINT holmium_symbol_fk FOREIGN KEY (HOLMIUM_SYMBOL) REFERENCES ELEMENTS(ELEMENT_SYMBOL_ID) ON DELETE CASCADE;
ALTER TABLE ELEMENTS_CHEMICALFORMULAS ADD CONSTRAINT erbium_symbol_fk FOREIGN KEY (ERBIUM_SYMBOL) REFERENCES ELEMENTS(ELEMENT_SYMBOL_ID) ON DELETE CASCADE;
ALTER TABLE ELEMENTS_CHEMICALFORMULAS ADD CONSTRAINT thulium_symbol_fk FOREIGN KEY (THULIUM_SYMBOL) REFERENCES ELEMENTS(ELEMENT_SYMBOL_ID) ON DELETE CASCADE;
ALTER TABLE ELEMENTS_CHEMICALFORMULAS ADD CONSTRAINT ytterbium_symbol_fk FOREIGN KEY (YTTERBIUM_SYMBOL) REFERENCES ELEMENTS(ELEMENT_SYMBOL_ID) ON DELETE CASCADE;
ALTER TABLE ELEMENTS_CHEMICALFORMULAS ADD CONSTRAINT lutetium_symbol_fk FOREIGN KEY (LUTETIUM_SYMBOL) REFERENCES ELEMENTS(ELEMENT_SYMBOL_ID) ON DELETE CASCADE;
ALTER TABLE ELEMENTS_CHEMICALFORMULAS ADD CONSTRAINT hafnium_symbol_fk FOREIGN KEY (HAFNIUM_SYMBOL) REFERENCES ELEMENTS(ELEMENT_SYMBOL_ID) ON DELETE CASCADE;
ALTER TABLE ELEMENTS_CHEMICALFORMULAS ADD CONSTRAINT tantalum_symbol_fk FOREIGN KEY (TANTALUM_SYMBOL) REFERENCES ELEMENTS(ELEMENT_SYMBOL_ID) ON DELETE CASCADE;
ALTER TABLE ELEMENTS_CHEMICALFORMULAS ADD CONSTRAINT tungsten_symbol_fk FOREIGN KEY (TUNGSTEN_SYMBOL) REFERENCES ELEMENTS(ELEMENT_SYMBOL_ID) ON DELETE CASCADE;
ALTER TABLE ELEMENTS_CHEMICALFORMULAS ADD CONSTRAINT rhenium_symbol_fk FOREIGN KEY (RHENIUM_SYMBOL) REFERENCES ELEMENTS(ELEMENT_SYMBOL_ID) ON DELETE CASCADE;
ALTER TABLE ELEMENTS_CHEMICALFORMULAS ADD CONSTRAINT osmium_symbol_fk FOREIGN KEY (OSMIUM_SYMBOL) REFERENCES ELEMENTS(ELEMENT_SYMBOL_ID) ON DELETE CASCADE;
ALTER TABLE ELEMENTS_CHEMICALFORMULAS ADD CONSTRAINT iridium_symbol_fk FOREIGN KEY (IRIDIUM_SYMBOL) REFERENCES ELEMENTS(ELEMENT_SYMBOL_ID) ON DELETE CASCADE;
ALTER TABLE ELEMENTS_CHEMICALFORMULAS ADD CONSTRAINT platinum_symbol_fk FOREIGN KEY (PLATINUM_SYMBOL) REFERENCES ELEMENTS(ELEMENT_SYMBOL_ID) ON DELETE CASCADE;
ALTER TABLE ELEMENTS_CHEMICALFORMULAS ADD CONSTRAINT gold_symbol_fk FOREIGN KEY (GOLD_SYMBOL) REFERENCES ELEMENTS(ELEMENT_SYMBOL_ID) ON DELETE CASCADE;
ALTER TABLE ELEMENTS_CHEMICALFORMULAS ADD CONSTRAINT mercury_symbol_fk FOREIGN KEY (MERCURY_SYMBOL) REFERENCES ELEMENTS(ELEMENT_SYMBOL_ID) ON DELETE CASCADE;
ALTER TABLE ELEMENTS_CHEMICALFORMULAS ADD CONSTRAINT thallium_symbol_fk FOREIGN KEY (THALLIUM_SYMBOL) REFERENCES ELEMENTS(ELEMENT_SYMBOL_ID) ON DELETE CASCADE;
ALTER TABLE ELEMENTS_CHEMICALFORMULAS ADD CONSTRAINT lead_symbol_fk FOREIGN KEY (LEAD_SYMBOL) REFERENCES ELEMENTS(ELEMENT_SYMBOL_ID) ON DELETE CASCADE;
ALTER TABLE ELEMENTS_CHEMICALFORMULAS ADD CONSTRAINT bismuth_symbol_fk FOREIGN KEY (BISMUTH_SYMBOL) REFERENCES ELEMENTS(ELEMENT_SYMBOL_ID) ON DELETE CASCADE;
ALTER TABLE ELEMENTS_CHEMICALFORMULAS ADD CONSTRAINT polonium_symbol_fk FOREIGN KEY (POLONIUM_SYMBOL) REFERENCES ELEMENTS(ELEMENT_SYMBOL_ID) ON DELETE CASCADE;
ALTER TABLE ELEMENTS_CHEMICALFORMULAS ADD CONSTRAINT astatine_symbol_fk FOREIGN KEY (ASTATINE_SYMBOL) REFERENCES ELEMENTS(ELEMENT_SYMBOL_ID) ON DELETE CASCADE;
ALTER TABLE ELEMENTS_CHEMICALFORMULAS ADD CONSTRAINT radon_symbol_fk FOREIGN KEY (RADON_SYMBOL) REFERENCES ELEMENTS(ELEMENT_SYMBOL_ID) ON DELETE CASCADE;
ALTER TABLE ELEMENTS_CHEMICALFORMULAS ADD CONSTRAINT francium_symbol_fk FOREIGN KEY (FRANCIUM_SYMBOL) REFERENCES ELEMENTS(ELEMENT_SYMBOL_ID) ON DELETE CASCADE;
ALTER TABLE ELEMENTS_CHEMICALFORMULAS ADD CONSTRAINT radium_symbol_fk FOREIGN KEY (RADIUM_SYMBOL) REFERENCES ELEMENTS(ELEMENT_SYMBOL_ID) ON DELETE CASCADE;
ALTER TABLE ELEMENTS_CHEMICALFORMULAS ADD CONSTRAINT actinium_symbol_fk FOREIGN KEY (ACTINIUM_SYMBOL) REFERENCES ELEMENTS(ELEMENT_SYMBOL_ID) ON DELETE CASCADE;
ALTER TABLE ELEMENTS_CHEMICALFORMULAS ADD CONSTRAINT thorium_symbol_fk FOREIGN KEY (THORIUM_SYMBOL) REFERENCES ELEMENTS(ELEMENT_SYMBOL_ID) ON DELETE CASCADE;
ALTER TABLE ELEMENTS_CHEMICALFORMULAS ADD CONSTRAINT protactinium_symbol_fk FOREIGN KEY (PROTACTINIUM_SYMBOL) REFERENCES ELEMENTS(ELEMENT_SYMBOL_ID) ON DELETE CASCADE;
ALTER TABLE ELEMENTS_CHEMICALFORMULAS ADD CONSTRAINT uranium_symbol_fk FOREIGN KEY (URANIUM_SYMBOL) REFERENCES ELEMENTS(ELEMENT_SYMBOL_ID) ON DELETE CASCADE;
ALTER TABLE ELEMENTS_CHEMICALFORMULAS ADD CONSTRAINT neptunium_symbol_fk FOREIGN KEY (NEPTUNIUM_SYMBOL) REFERENCES ELEMENTS(ELEMENT_SYMBOL_ID) ON DELETE CASCADE;
ALTER TABLE ELEMENTS_CHEMICALFORMULAS ADD CONSTRAINT plutonium_symbol_fk FOREIGN KEY (PLUTONIUM_SYMBOL) REFERENCES ELEMENTS(ELEMENT_SYMBOL_ID) ON DELETE CASCADE;
ALTER TABLE ELEMENTS_CHEMICALFORMULAS ADD CONSTRAINT americium_symbol_fk FOREIGN KEY (AMERICIUM_SYMBOL) REFERENCES ELEMENTS(ELEMENT_SYMBOL_ID) ON DELETE CASCADE;
ALTER TABLE ELEMENTS_CHEMICALFORMULAS ADD CONSTRAINT curium_symbol_fk FOREIGN KEY (CURIUM_SYMBOL) REFERENCES ELEMENTS(ELEMENT_SYMBOL_ID) ON DELETE CASCADE;
ALTER TABLE ELEMENTS_CHEMICALFORMULAS ADD CONSTRAINT berkelium_symbol_fk FOREIGN KEY (BERKELIUM_SYMBOL) REFERENCES ELEMENTS(ELEMENT_SYMBOL_ID) ON DELETE CASCADE;
ALTER TABLE ELEMENTS_CHEMICALFORMULAS ADD CONSTRAINT californium_symbol_fk FOREIGN KEY (CALIFORNIUM_SYMBOL) REFERENCES ELEMENTS(ELEMENT_SYMBOL_ID) ON DELETE CASCADE;
ALTER TABLE ELEMENTS_CHEMICALFORMULAS ADD CONSTRAINT einsteinium_symbol_fk FOREIGN KEY (EINSTEINIUM_SYMBOL) REFERENCES ELEMENTS(ELEMENT_SYMBOL_ID) ON DELETE CASCADE;
ALTER TABLE ELEMENTS_CHEMICALFORMULAS ADD CONSTRAINT fermium_symbol_fk FOREIGN KEY (FERMIUM_SYMBOL) REFERENCES ELEMENTS(ELEMENT_SYMBOL_ID) ON DELETE CASCADE;
ALTER TABLE ELEMENTS_CHEMICALFORMULAS ADD CONSTRAINT mendelevium_symbol_fk FOREIGN KEY (MENDELEVIUM_SYMBOL) REFERENCES ELEMENTS(ELEMENT_SYMBOL_ID) ON DELETE CASCADE;
ALTER TABLE ELEMENTS_CHEMICALFORMULAS ADD CONSTRAINT nobelium_symbol_fk FOREIGN KEY (NOBELIUM_SYMBOL) REFERENCES ELEMENTS(ELEMENT_SYMBOL_ID) ON DELETE CASCADE;
ALTER TABLE ELEMENTS_CHEMICALFORMULAS ADD CONSTRAINT lawrencium_symbol_fk FOREIGN KEY (LAWRENCIUM_SYMBOL) REFERENCES ELEMENTS(ELEMENT_SYMBOL_ID) ON DELETE CASCADE;
ALTER TABLE ELEMENTS_CHEMICALFORMULAS ADD CONSTRAINT rutherfordium_symbol_fk FOREIGN KEY (RUTHERFORDIUM_SYMBOL) REFERENCES ELEMENTS(ELEMENT_SYMBOL_ID) ON DELETE CASCADE;
ALTER TABLE ELEMENTS_CHEMICALFORMULAS ADD CONSTRAINT dubnium_symbol_fk FOREIGN KEY (DUBNIUM_SYMBOL) REFERENCES ELEMENTS(ELEMENT_SYMBOL_ID) ON DELETE CASCADE;
ALTER TABLE ELEMENTS_CHEMICALFORMULAS ADD CONSTRAINT seaborgium_symbol_fk FOREIGN KEY (SEABORGIUM_SYMBOL) REFERENCES ELEMENTS(ELEMENT_SYMBOL_ID) ON DELETE CASCADE;
ALTER TABLE ELEMENTS_CHEMICALFORMULAS ADD CONSTRAINT bohrium_symbol_fk FOREIGN KEY (BOHRIUM_SYMBOL) REFERENCES ELEMENTS(ELEMENT_SYMBOL_ID) ON DELETE CASCADE;
ALTER TABLE ELEMENTS_CHEMICALFORMULAS ADD CONSTRAINT hassium_symbol_fk FOREIGN KEY (HASSIUM_SYMBOL) REFERENCES ELEMENTS(ELEMENT_SYMBOL_ID) ON DELETE CASCADE;
ALTER TABLE ELEMENTS_CHEMICALFORMULAS ADD CONSTRAINT meitnerium_symbol_fk FOREIGN KEY (MEITNERIUM_SYMBOL) REFERENCES ELEMENTS(ELEMENT_SYMBOL_ID) ON DELETE CASCADE;
ALTER TABLE ELEMENTS_CHEMICALFORMULAS ADD CONSTRAINT darmstadtium_symbol_fk FOREIGN KEY (DARMSTADTIUM_SYMBOL) REFERENCES ELEMENTS(ELEMENT_SYMBOL_ID) ON DELETE CASCADE;
ALTER TABLE ELEMENTS_CHEMICALFORMULAS ADD CONSTRAINT roentgenium_symbol_fk FOREIGN KEY (ROENTGENIUM_SYMBOL) REFERENCES ELEMENTS(ELEMENT_SYMBOL_ID) ON DELETE CASCADE;
ALTER TABLE ELEMENTS_CHEMICALFORMULAS ADD CONSTRAINT copernicium_symbol_fk FOREIGN KEY (COPERNICIUM_SYMBOL) REFERENCES ELEMENTS(ELEMENT_SYMBOL_ID) ON DELETE CASCADE;
ALTER TABLE ELEMENTS_CHEMICALFORMULAS ADD CONSTRAINT nihonium_symbol_fk FOREIGN KEY (NIHONIUM_SYMBOL) REFERENCES ELEMENTS(ELEMENT_SYMBOL_ID) ON DELETE CASCADE;
ALTER TABLE ELEMENTS_CHEMICALFORMULAS ADD CONSTRAINT flerovium_symbol_fk FOREIGN KEY (FLEROVIUM_SYMBOL) REFERENCES ELEMENTS(ELEMENT_SYMBOL_ID) ON DELETE CASCADE;
ALTER TABLE ELEMENTS_CHEMICALFORMULAS ADD CONSTRAINT moscovium_symbol_fk FOREIGN KEY (MOSCOVIUM_SYMBOL) REFERENCES ELEMENTS(ELEMENT_SYMBOL_ID) ON DELETE CASCADE;
ALTER TABLE ELEMENTS_CHEMICALFORMULAS ADD CONSTRAINT livermorium_symbol_fk FOREIGN KEY (LIVERMORIUM_SYMBOL) REFERENCES ELEMENTS(ELEMENT_SYMBOL_ID) ON DELETE CASCADE;
ALTER TABLE ELEMENTS_CHEMICALFORMULAS ADD CONSTRAINT tennessine_symbol_fk FOREIGN KEY (TENNESSINE_SYMBOL) REFERENCES ELEMENTS(ELEMENT_SYMBOL_ID) ON DELETE CASCADE;
ALTER TABLE ELEMENTS_CHEMICALFORMULAS ADD CONSTRAINT oganesson_symbol_fk FOREIGN KEY (OGANESSON_SYMBOL) REFERENCES ELEMENTS(ELEMENT_SYMBOL_ID) ON DELETE CASCADE;

COMMENT ON TABLE ELEMENTS_CHEMICALFORMULAS IS 'Elements are in the chemical formula.';

-- #· Nitrogenated Bases
-- Adenina
INSERT INTO ELEMENTS_CHEMICALFORMULAS (CHEMICAL_FORMULA_ID, CARBON_SYMBOL, HYDROGEN_SYMBOL, NITROGEN_SYMBOL) VALUES ('C5H5N5', 'C', 'H', 'N');

-- Timina
INSERT INTO ELEMENTS_CHEMICALFORMULAS (CHEMICAL_FORMULA_ID, CARBON_SYMBOL, HYDROGEN_SYMBOL, NITROGEN_SYMBOL, OXYGEN_SYMBOL) VALUES ('C5H6N2O2', 'C', 'H', 'N', 'O');

-- Guanina
INSERT INTO ELEMENTS_CHEMICALFORMULAS (CHEMICAL_FORMULA_ID, CARBON_SYMBOL, HYDROGEN_SYMBOL, NITROGEN_SYMBOL, OXYGEN_SYMBOL) VALUES ('C5H5N5O1', 'C', 'H', 'N', 'O');

-- Citosina
INSERT INTO ELEMENTS_CHEMICALFORMULAS (CHEMICAL_FORMULA_ID, CARBON_SYMBOL, HYDROGEN_SYMBOL, NITROGEN_SYMBOL, OXYGEN_SYMBOL) VALUES ('C4H5N3O1', 'C', 'H', 'N', 'O');

-- Uracil
INSERT INTO ELEMENTS_CHEMICALFORMULAS (CHEMICAL_FORMULA_ID, CARBON_SYMBOL, HYDROGEN_SYMBOL, NITROGEN_SYMBOL, OXYGEN_SYMBOL) VALUES ('C4H4N2O2', 'C', 'H', 'N', 'O');

-- #· Aminoacids
-- Isoleucine (Ile) & Leucine (Leu)
INSERT INTO ELEMENTS_CHEMICALFORMULAS (CHEMICAL_FORMULA_ID, CARBON_SYMBOL, HYDROGEN_SYMBOL, NITROGEN_SYMBOL, OXYGEN_SYMBOL) VALUES ('C6H13N1O2', 'C', 'H', 'N', 'O');

-- Methionine (Met)
INSERT INTO ELEMENTS_CHEMICALFORMULAS (CHEMICAL_FORMULA_ID, CARBON_SYMBOL, HYDROGEN_SYMBOL, NITROGEN_SYMBOL, OXYGEN_SYMBOL, SULFUR_SYMBOL) VALUES ('C5H11N1O2S1', 'C', 'H', 'N', 'O', 'S');

-- Threonine (Thr)
INSERT INTO ELEMENTS_CHEMICALFORMULAS (CHEMICAL_FORMULA_ID, CARBON_SYMBOL, HYDROGEN_SYMBOL, NITROGEN_SYMBOL, OXYGEN_SYMBOL) VALUES ('C4H9N1O3', 'C', 'H', 'N', 'O');

-- Asparagine (Asn)
INSERT INTO ELEMENTS_CHEMICALFORMULAS (CHEMICAL_FORMULA_ID, CARBON_SYMBOL, HYDROGEN_SYMBOL, NITROGEN_SYMBOL, OXYGEN_SYMBOL) VALUES ('C4H8N2O3', 'C', 'H', 'N', 'O');

-- Lysine (Lys)
INSERT INTO ELEMENTS_CHEMICALFORMULAS (CHEMICAL_FORMULA_ID, CARBON_SYMBOL, HYDROGEN_SYMBOL, NITROGEN_SYMBOL, OXYGEN_SYMBOL) VALUES ('C6H14N2O2', 'C', 'H', 'N', 'O');

-- Serine (Ser)
INSERT INTO ELEMENTS_CHEMICALFORMULAS (CHEMICAL_FORMULA_ID, CARBON_SYMBOL, HYDROGEN_SYMBOL, NITROGEN_SYMBOL, OXYGEN_SYMBOL) VALUES ('C3H7N1O3', 'C', 'H', 'N', 'O');

-- Arginine (Arg)
INSERT INTO ELEMENTS_CHEMICALFORMULAS (CHEMICAL_FORMULA_ID, CARBON_SYMBOL, HYDROGEN_SYMBOL, NITROGEN_SYMBOL, OXYGEN_SYMBOL) VALUES ('C6H14N4O2', 'C', 'H', 'N', 'O');

-- Proline (Pro)
INSERT INTO ELEMENTS_CHEMICALFORMULAS (CHEMICAL_FORMULA_ID, CARBON_SYMBOL, HYDROGEN_SYMBOL, NITROGEN_SYMBOL, OXYGEN_SYMBOL) VALUES ('C5H9N1O2', 'C', 'H', 'N', 'O');

-- Histidine (His)
INSERT INTO ELEMENTS_CHEMICALFORMULAS (CHEMICAL_FORMULA_ID, CARBON_SYMBOL, HYDROGEN_SYMBOL, NITROGEN_SYMBOL, OXYGEN_SYMBOL) VALUES ('C6H9N3O2', 'C', 'H', 'N', 'O');

-- Glutamine (Gln)
INSERT INTO ELEMENTS_CHEMICALFORMULAS (CHEMICAL_FORMULA_ID, CARBON_SYMBOL, HYDROGEN_SYMBOL, NITROGEN_SYMBOL, OXYGEN_SYMBOL) VALUES ('C5H10N2O3', 'C', 'H', 'N', 'O');

-- Valine (Val)
INSERT INTO ELEMENTS_CHEMICALFORMULAS (CHEMICAL_FORMULA_ID, CARBON_SYMBOL, HYDROGEN_SYMBOL, NITROGEN_SYMBOL, OXYGEN_SYMBOL) VALUES ('C5H11N1O2', 'C', 'H', 'N', 'O');

-- Alanine (Ala)
INSERT INTO ELEMENTS_CHEMICALFORMULAS (CHEMICAL_FORMULA_ID, CARBON_SYMBOL, HYDROGEN_SYMBOL, NITROGEN_SYMBOL, OXYGEN_SYMBOL) VALUES ('C3H7N1O2', 'C', 'H', 'N', 'O');

-- Aspartate (Asp)
INSERT INTO ELEMENTS_CHEMICALFORMULAS (CHEMICAL_FORMULA_ID, CARBON_SYMBOL, HYDROGEN_SYMBOL, NITROGEN_SYMBOL, OXYGEN_SYMBOL) VALUES ('C4H7N1O4', 'C', 'H', 'N', 'O');

-- Glutamate (Glu)
INSERT INTO ELEMENTS_CHEMICALFORMULAS (CHEMICAL_FORMULA_ID, CARBON_SYMBOL, HYDROGEN_SYMBOL, NITROGEN_SYMBOL, OXYGEN_SYMBOL) VALUES ('C5H9N1O4', 'C', 'H', 'N', 'O');

-- Glycine (Gly)
INSERT INTO ELEMENTS_CHEMICALFORMULAS (CHEMICAL_FORMULA_ID, CARBON_SYMBOL, HYDROGEN_SYMBOL, NITROGEN_SYMBOL, OXYGEN_SYMBOL) VALUES ('C2H5N1O2', 'C', 'H', 'N', 'O');

-- Cysteine (Cys)
INSERT INTO ELEMENTS_CHEMICALFORMULAS (CHEMICAL_FORMULA_ID, CARBON_SYMBOL, HYDROGEN_SYMBOL, NITROGEN_SYMBOL, OXYGEN_SYMBOL, SULFUR_SYMBOL) VALUES ('C3H7N1O2S1', 'C', 'H', 'N', 'O', 'S');

-- Phenylalanine (Phe)
INSERT INTO ELEMENTS_CHEMICALFORMULAS (CHEMICAL_FORMULA_ID, CARBON_SYMBOL, HYDROGEN_SYMBOL, NITROGEN_SYMBOL, OXYGEN_SYMBOL) VALUES ('C9H11N1O2', 'C', 'H', 'N', 'O');

-- Tyrosine (Tyr)
INSERT INTO ELEMENTS_CHEMICALFORMULAS (CHEMICAL_FORMULA_ID, CARBON_SYMBOL, HYDROGEN_SYMBOL, NITROGEN_SYMBOL, OXYGEN_SYMBOL) VALUES ('C9H11N1O1', 'C', 'H', 'N', 'O');

-- Tryptophan (Trp)
INSERT INTO ELEMENTS_CHEMICALFORMULAS (CHEMICAL_FORMULA_ID, CARBON_SYMBOL, HYDROGEN_SYMBOL, NITROGEN_SYMBOL, OXYGEN_SYMBOL) VALUES ('C11H12N2O2', 'C', 'H', 'N', 'O');

CREATE TABLE AMINOACIDS (
    CODON VARCHAR2(3) NOT NULL,
    AMINOACID_SYMBOL VARCHAR2(1) NOT NULL,
    AMINOACID_NAME VARCHAR2(255) NOT NULL,
    AMINOACID_ABREVIATION VARCHAR2(255) NOT NULL,
    CHEMICAL_FORMULA_ID VARCHAR2(255)
);

ALTER TABLE AMINOACIDS ADD CONSTRAINT aminoacid_id_pk PRIMARY KEY (CODON);
ALTER TABLE AMINOACIDS ADD CONSTRAINT aminoacids_chemical_formula_id_fk FOREIGN KEY (CHEMICAL_FORMULA_ID) REFERENCES CHEMICAL_FORMULAS(CHEMICAL_FORMULA_ID) ON DELETE CASCADE;

COMMENT ON TABLE AMINOACIDS IS 'Codons with their corresponding chemical formula.';

INSERT INTO AMINOACIDS (CODON, AMINOACID_SYMBOL, AMINOACID_NAME, AMINOACID_ABREVIATION, CHEMICAL_FORMULA_ID) VALUES ('AUA', 'I', 'Isoleucine', 'Ile', 'C6H13N1O2');
INSERT INTO AMINOACIDS (CODON, AMINOACID_SYMBOL, AMINOACID_NAME, AMINOACID_ABREVIATION, CHEMICAL_FORMULA_ID) VALUES ('AUC', 'I', 'Isoleucine', 'Ile', 'C6H13N1O2');
INSERT INTO AMINOACIDS (CODON, AMINOACID_SYMBOL, AMINOACID_NAME, AMINOACID_ABREVIATION, CHEMICAL_FORMULA_ID) VALUES ('AUU', 'I', 'Isoleucine', 'Ile', 'C6H13N1O2');
INSERT INTO AMINOACIDS (CODON, AMINOACID_SYMBOL, AMINOACID_NAME, AMINOACID_ABREVIATION, CHEMICAL_FORMULA_ID) VALUES ('AUG', 'M', 'Methionine', 'Met', 'C5H11N1O2S1');
INSERT INTO AMINOACIDS (CODON, AMINOACID_SYMBOL, AMINOACID_NAME, AMINOACID_ABREVIATION, CHEMICAL_FORMULA_ID) VALUES ('ACA', 'T', 'Threonine', 'Thr', 'C4H9N1O3');
INSERT INTO AMINOACIDS (CODON, AMINOACID_SYMBOL, AMINOACID_NAME, AMINOACID_ABREVIATION, CHEMICAL_FORMULA_ID) VALUES ('ACC', 'T', 'Threonine', 'Thr', 'C4H9N1O3');
INSERT INTO AMINOACIDS (CODON, AMINOACID_SYMBOL, AMINOACID_NAME, AMINOACID_ABREVIATION, CHEMICAL_FORMULA_ID) VALUES ('ACG', 'T', 'Threonine', 'Thr', 'C4H9N1O3');
INSERT INTO AMINOACIDS (CODON, AMINOACID_SYMBOL, AMINOACID_NAME, AMINOACID_ABREVIATION, CHEMICAL_FORMULA_ID) VALUES ('ACU', 'T', 'Threonine', 'Thr', 'C4H9N1O3');
INSERT INTO AMINOACIDS (CODON, AMINOACID_SYMBOL, AMINOACID_NAME, AMINOACID_ABREVIATION, CHEMICAL_FORMULA_ID) VALUES ('AAC', 'N', 'Asparagine', 'Asn', 'C4H8N2O3');
INSERT INTO AMINOACIDS (CODON, AMINOACID_SYMBOL, AMINOACID_NAME, AMINOACID_ABREVIATION, CHEMICAL_FORMULA_ID) VALUES ('AAU', 'N', 'Asparagine', 'Asn', 'C4H8N2O3');
INSERT INTO AMINOACIDS (CODON, AMINOACID_SYMBOL, AMINOACID_NAME, AMINOACID_ABREVIATION, CHEMICAL_FORMULA_ID) VALUES ('AAA', 'K', 'Lysine', 'Lys', 'C6H14N2O2');
INSERT INTO AMINOACIDS (CODON, AMINOACID_SYMBOL, AMINOACID_NAME, AMINOACID_ABREVIATION, CHEMICAL_FORMULA_ID) VALUES ('AAG', 'K', 'Lysine', 'Lys', 'C6H14N2O2');
INSERT INTO AMINOACIDS (CODON, AMINOACID_SYMBOL, AMINOACID_NAME, AMINOACID_ABREVIATION, CHEMICAL_FORMULA_ID) VALUES ('AGC', 'S', 'Serine', 'Ser', 'C3H7N1O3');
INSERT INTO AMINOACIDS (CODON, AMINOACID_SYMBOL, AMINOACID_NAME, AMINOACID_ABREVIATION, CHEMICAL_FORMULA_ID) VALUES ('AGU', 'S', 'Serine', 'Ser', 'C3H7N1O3');
INSERT INTO AMINOACIDS (CODON, AMINOACID_SYMBOL, AMINOACID_NAME, AMINOACID_ABREVIATION, CHEMICAL_FORMULA_ID) VALUES ('AGA', 'R', 'Arginine', 'Arg', 'C6H14N4O2');
INSERT INTO AMINOACIDS (CODON, AMINOACID_SYMBOL, AMINOACID_NAME, AMINOACID_ABREVIATION, CHEMICAL_FORMULA_ID) VALUES ('AGG', 'R', 'Arginine', 'Arg', 'C6H14N4O2');
INSERT INTO AMINOACIDS (CODON, AMINOACID_SYMBOL, AMINOACID_NAME, AMINOACID_ABREVIATION, CHEMICAL_FORMULA_ID) VALUES ('CUA', 'L', 'Leucine', 'Leu', 'C6H13N1O2');
INSERT INTO AMINOACIDS (CODON, AMINOACID_SYMBOL, AMINOACID_NAME, AMINOACID_ABREVIATION, CHEMICAL_FORMULA_ID) VALUES ('CUC', 'L', 'Leucine', 'Leu', 'C6H13N1O2');
INSERT INTO AMINOACIDS (CODON, AMINOACID_SYMBOL, AMINOACID_NAME, AMINOACID_ABREVIATION, CHEMICAL_FORMULA_ID) VALUES ('CUG', 'L', 'Leucine', 'Leu', 'C6H13N1O2');
INSERT INTO AMINOACIDS (CODON, AMINOACID_SYMBOL, AMINOACID_NAME, AMINOACID_ABREVIATION, CHEMICAL_FORMULA_ID) VALUES ('CUU', 'L', 'Leucine', 'Leu', 'C6H13N1O2');
INSERT INTO AMINOACIDS (CODON, AMINOACID_SYMBOL, AMINOACID_NAME, AMINOACID_ABREVIATION, CHEMICAL_FORMULA_ID) VALUES ('CCA', 'P', 'Proline', 'Pro', 'C5H9N1O2');
INSERT INTO AMINOACIDS (CODON, AMINOACID_SYMBOL, AMINOACID_NAME, AMINOACID_ABREVIATION, CHEMICAL_FORMULA_ID) VALUES ('CCC', 'P', 'Proline', 'Pro', 'C5H9N1O2');
INSERT INTO AMINOACIDS (CODON, AMINOACID_SYMBOL, AMINOACID_NAME, AMINOACID_ABREVIATION, CHEMICAL_FORMULA_ID) VALUES ('CCG', 'P', 'Proline', 'Pro', 'C5H9N1O2');
INSERT INTO AMINOACIDS (CODON, AMINOACID_SYMBOL, AMINOACID_NAME, AMINOACID_ABREVIATION, CHEMICAL_FORMULA_ID) VALUES ('CCU', 'P', 'Proline', 'Pro', 'C5H9N1O2');
INSERT INTO AMINOACIDS (CODON, AMINOACID_SYMBOL, AMINOACID_NAME, AMINOACID_ABREVIATION, CHEMICAL_FORMULA_ID) VALUES ('CAC', 'H', 'Histidine', 'His', 'C6H9N3O2');
INSERT INTO AMINOACIDS (CODON, AMINOACID_SYMBOL, AMINOACID_NAME, AMINOACID_ABREVIATION, CHEMICAL_FORMULA_ID) VALUES ('CAU', 'H', 'Histidine', 'His', 'C6H9N3O2');
INSERT INTO AMINOACIDS (CODON, AMINOACID_SYMBOL, AMINOACID_NAME, AMINOACID_ABREVIATION, CHEMICAL_FORMULA_ID) VALUES ('CAA', 'Q', 'Glutamine', 'Gin', 'C5H10N2O3');
INSERT INTO AMINOACIDS (CODON, AMINOACID_SYMBOL, AMINOACID_NAME, AMINOACID_ABREVIATION, CHEMICAL_FORMULA_ID) VALUES ('CAG', 'Q', 'Glutamine', 'Gin', 'C5H10N2O3');
INSERT INTO AMINOACIDS (CODON, AMINOACID_SYMBOL, AMINOACID_NAME, AMINOACID_ABREVIATION, CHEMICAL_FORMULA_ID) VALUES ('CGA', 'R', 'Arginine', 'Arg', 'C6H14N4O2');
INSERT INTO AMINOACIDS (CODON, AMINOACID_SYMBOL, AMINOACID_NAME, AMINOACID_ABREVIATION, CHEMICAL_FORMULA_ID) VALUES ('CGC', 'R', 'Arginine', 'Arg', 'C6H14N4O2');
INSERT INTO AMINOACIDS (CODON, AMINOACID_SYMBOL, AMINOACID_NAME, AMINOACID_ABREVIATION, CHEMICAL_FORMULA_ID) VALUES ('CGG', 'R', 'Arginine', 'Arg', 'C6H14N4O2');
INSERT INTO AMINOACIDS (CODON, AMINOACID_SYMBOL, AMINOACID_NAME, AMINOACID_ABREVIATION, CHEMICAL_FORMULA_ID) VALUES ('CGU', 'R', 'Arginine', 'Arg', 'C6H14N4O2');
INSERT INTO AMINOACIDS (CODON, AMINOACID_SYMBOL, AMINOACID_NAME, AMINOACID_ABREVIATION, CHEMICAL_FORMULA_ID) VALUES ('GUA', 'V', 'Valine', 'Val', 'C5H11N1O2');
INSERT INTO AMINOACIDS (CODON, AMINOACID_SYMBOL, AMINOACID_NAME, AMINOACID_ABREVIATION, CHEMICAL_FORMULA_ID) VALUES ('GUC', 'V', 'Valine', 'Val', 'C5H11N1O2');
INSERT INTO AMINOACIDS (CODON, AMINOACID_SYMBOL, AMINOACID_NAME, AMINOACID_ABREVIATION, CHEMICAL_FORMULA_ID) VALUES ('GUG', 'V', 'Valine', 'Val', 'C5H11N1O2');
INSERT INTO AMINOACIDS (CODON, AMINOACID_SYMBOL, AMINOACID_NAME, AMINOACID_ABREVIATION, CHEMICAL_FORMULA_ID) VALUES ('GUU', 'V', 'Valine', 'Val', 'C5H11N1O2');
INSERT INTO AMINOACIDS (CODON, AMINOACID_SYMBOL, AMINOACID_NAME, AMINOACID_ABREVIATION, CHEMICAL_FORMULA_ID) VALUES ('GCA', 'A', 'Alanine', 'Ala', 'C3H7N1O2');
INSERT INTO AMINOACIDS (CODON, AMINOACID_SYMBOL, AMINOACID_NAME, AMINOACID_ABREVIATION, CHEMICAL_FORMULA_ID) VALUES ('GCC', 'A', 'Alanine', 'Ala', 'C3H7N1O2');
INSERT INTO AMINOACIDS (CODON, AMINOACID_SYMBOL, AMINOACID_NAME, AMINOACID_ABREVIATION, CHEMICAL_FORMULA_ID) VALUES ('GCG', 'A', 'Alanine', 'Ala', 'C3H7N1O2');
INSERT INTO AMINOACIDS (CODON, AMINOACID_SYMBOL, AMINOACID_NAME, AMINOACID_ABREVIATION, CHEMICAL_FORMULA_ID) VALUES ('GCU', 'A', 'Alanine', 'Ala', 'C3H7N1O2');
INSERT INTO AMINOACIDS (CODON, AMINOACID_SYMBOL, AMINOACID_NAME, AMINOACID_ABREVIATION, CHEMICAL_FORMULA_ID) VALUES ('GAC', 'D', 'Aspartate', 'Asp', 'C4H7N1O4');
INSERT INTO AMINOACIDS (CODON, AMINOACID_SYMBOL, AMINOACID_NAME, AMINOACID_ABREVIATION, CHEMICAL_FORMULA_ID) VALUES ('GAU', 'D', 'Aspartate', 'Asp', 'C4H7N1O4');
INSERT INTO AMINOACIDS (CODON, AMINOACID_SYMBOL, AMINOACID_NAME, AMINOACID_ABREVIATION, CHEMICAL_FORMULA_ID) VALUES ('GAA', 'E', 'Glutamate', 'Glu', 'C5H9N1O4');
INSERT INTO AMINOACIDS (CODON, AMINOACID_SYMBOL, AMINOACID_NAME, AMINOACID_ABREVIATION, CHEMICAL_FORMULA_ID) VALUES ('GAG', 'E', 'Glutamate', 'Glu', 'C5H9N1O4');
INSERT INTO AMINOACIDS (CODON, AMINOACID_SYMBOL, AMINOACID_NAME, AMINOACID_ABREVIATION, CHEMICAL_FORMULA_ID) VALUES ('GGA', 'G', 'Glycine', 'Gly', 'C2H5N1O2');
INSERT INTO AMINOACIDS (CODON, AMINOACID_SYMBOL, AMINOACID_NAME, AMINOACID_ABREVIATION, CHEMICAL_FORMULA_ID) VALUES ('GGC', 'G', 'Glycine', 'Gly', 'C2H5N1O2');
INSERT INTO AMINOACIDS (CODON, AMINOACID_SYMBOL, AMINOACID_NAME, AMINOACID_ABREVIATION, CHEMICAL_FORMULA_ID) VALUES ('GGG', 'G', 'Glycine', 'Gly', 'C2H5N1O2');
INSERT INTO AMINOACIDS (CODON, AMINOACID_SYMBOL, AMINOACID_NAME, AMINOACID_ABREVIATION, CHEMICAL_FORMULA_ID) VALUES ('GGU', 'G', 'Glycine', 'Gly', 'C2H5N1O2');
INSERT INTO AMINOACIDS (CODON, AMINOACID_SYMBOL, AMINOACID_NAME, AMINOACID_ABREVIATION, CHEMICAL_FORMULA_ID) VALUES ('UCA', 'S', 'Serine', 'Ser', 'C3H7N1O3');
INSERT INTO AMINOACIDS (CODON, AMINOACID_SYMBOL, AMINOACID_NAME, AMINOACID_ABREVIATION, CHEMICAL_FORMULA_ID) VALUES ('UCC', 'S', 'Serine', 'Ser', 'C3H7N1O3');
INSERT INTO AMINOACIDS (CODON, AMINOACID_SYMBOL, AMINOACID_NAME, AMINOACID_ABREVIATION, CHEMICAL_FORMULA_ID) VALUES ('UCG', 'S', 'Serine', 'Ser', 'C3H7N1O3');
INSERT INTO AMINOACIDS (CODON, AMINOACID_SYMBOL, AMINOACID_NAME, AMINOACID_ABREVIATION, CHEMICAL_FORMULA_ID) VALUES ('UCU', 'S', 'Serine', 'Ser', 'C3H7N1O3');
INSERT INTO AMINOACIDS (CODON, AMINOACID_SYMBOL, AMINOACID_NAME, AMINOACID_ABREVIATION, CHEMICAL_FORMULA_ID) VALUES ('UUC', 'F', 'Phenylalanine', 'Phe', 'C9H11N1O2');
INSERT INTO AMINOACIDS (CODON, AMINOACID_SYMBOL, AMINOACID_NAME, AMINOACID_ABREVIATION, CHEMICAL_FORMULA_ID) VALUES ('UUU', 'F', 'Phenylalanine', 'Phe', 'C9H11N1O2');
INSERT INTO AMINOACIDS (CODON, AMINOACID_SYMBOL, AMINOACID_NAME, AMINOACID_ABREVIATION, CHEMICAL_FORMULA_ID) VALUES ('UUA', 'L', 'Leucine', 'Leu', 'C6H13N1O2');
INSERT INTO AMINOACIDS (CODON, AMINOACID_SYMBOL, AMINOACID_NAME, AMINOACID_ABREVIATION, CHEMICAL_FORMULA_ID) VALUES ('UUG', 'L', 'Leucine', 'Leu', 'C6H13N1O2');
INSERT INTO AMINOACIDS (CODON, AMINOACID_SYMBOL, AMINOACID_NAME, AMINOACID_ABREVIATION, CHEMICAL_FORMULA_ID) VALUES ('UAC', 'Y', 'Tyrosine', 'Tyr', 'C9H11N1O1');
INSERT INTO AMINOACIDS (CODON, AMINOACID_SYMBOL, AMINOACID_NAME, AMINOACID_ABREVIATION, CHEMICAL_FORMULA_ID) VALUES ('UAU', 'Y', 'Tyrosine', 'Tyr', 'C9H11N1O1');
INSERT INTO AMINOACIDS (CODON, AMINOACID_SYMBOL, AMINOACID_NAME, AMINOACID_ABREVIATION) VALUES ('UAA', '_', 'Stop CODON', '_');
INSERT INTO AMINOACIDS (CODON, AMINOACID_SYMBOL, AMINOACID_NAME, AMINOACID_ABREVIATION) VALUES ('UAG', '_', 'Stop CODON', '_');
INSERT INTO AMINOACIDS (CODON, AMINOACID_SYMBOL, AMINOACID_NAME, AMINOACID_ABREVIATION, CHEMICAL_FORMULA_ID) VALUES ('UGC', 'C', 'Cysteine', 'Cys', 'C3H7N1O2S1');
INSERT INTO AMINOACIDS (CODON, AMINOACID_SYMBOL, AMINOACID_NAME, AMINOACID_ABREVIATION, CHEMICAL_FORMULA_ID) VALUES ('UGU', 'C', 'Cysteine', 'Cys', 'C3H7N1O2S1');
INSERT INTO AMINOACIDS (CODON, AMINOACID_SYMBOL, AMINOACID_NAME, AMINOACID_ABREVIATION) VALUES ('UGA', '_', 'Stop CODON', '_');
INSERT INTO AMINOACIDS (CODON, AMINOACID_SYMBOL, AMINOACID_NAME, AMINOACID_ABREVIATION, CHEMICAL_FORMULA_ID) VALUES ('UGG', 'W', 'Tryptophan', 'Trp', 'C11H12N2O2');

CREATE TABLE NITROGENATED_BASES (
    NITROGENATEDBASE_SYMBOL VARCHAR2(1) NOT NULL,
    NITROGENATEDBASE_NAME VARCHAR2(255) NOT NULL,
    CHEMICAL_FORMULA_ID VARCHAR2(255) NOT NULL
);

ALTER TABLE NITROGENATED_BASES ADD CONSTRAINT nitrogenated_base_id_pk PRIMARY KEY (NITROGENATEDBASE_SYMBOL);
ALTER TABLE NITROGENATED_BASES ADD CONSTRAINT nitrogenatedbases_chemical_formula_id_fk FOREIGN KEY (CHEMICAL_FORMULA_ID) REFERENCES CHEMICAL_FORMULAS(CHEMICAL_FORMULA_ID) ON DELETE CASCADE;

COMMENT ON TABLE NITROGENATED_BASES IS 'Nitrogenated Bases.';

INSERT INTO NITROGENATED_BASES (NITROGENATEDBASE_SYMBOL, NITROGENATEDBASE_NAME, CHEMICAL_FORMULA_ID) VALUES ('A', 'Adenina', 'C5H5N5');
INSERT INTO NITROGENATED_BASES (NITROGENATEDBASE_SYMBOL, NITROGENATEDBASE_NAME, CHEMICAL_FORMULA_ID) VALUES ('T', 'Timina', 'C5H6N2O2');
INSERT INTO NITROGENATED_BASES (NITROGENATEDBASE_SYMBOL, NITROGENATEDBASE_NAME, CHEMICAL_FORMULA_ID) VALUES ('C', 'Citosina', 'C4H5N3O1');
INSERT INTO NITROGENATED_BASES (NITROGENATEDBASE_SYMBOL, NITROGENATEDBASE_NAME, CHEMICAL_FORMULA_ID) VALUES ('G', 'Guanina', 'C5H5N5O1');
INSERT INTO NITROGENATED_BASES (NITROGENATEDBASE_SYMBOL, NITROGENATEDBASE_NAME, CHEMICAL_FORMULA_ID) VALUES ('U', 'Uracil', 'C4H4N2O2');

CREATE TABLE AMINOACIDS_NITROGENATEDBASES (
    AMINOACID_NITROGENATEDBASE_ID NUMBER GENERATED ALWAYS AS IDENTITY NOT NULL,
    CODON VARCHAR2(3) NOT NULL,
    FIRST_NITROGENATEDBASE_SYMBOL VARCHAR2(1) NOT NULL,
    SECOND_NITROGENATEDBASE_SYMBOL VARCHAR2(1) NOT NULL,
    THIRD_NITROGENATEDBASE_SYMBOL VARCHAR2(1) NOT NULL
);

ALTER TABLE AMINOACIDS_NITROGENATEDBASES ADD CONSTRAINT aminoacid_nitrogenatedbase_id_pk PRIMARY KEY (AMINOACID_NITROGENATEDBASE_ID);

ALTER TABLE AMINOACIDS_NITROGENATEDBASES ADD CONSTRAINT codon_nitrogenatedbase_id_fk FOREIGN KEY (CODON) REFERENCES AMINOACIDS(CODON) ON DELETE CASCADE;
ALTER TABLE AMINOACIDS_NITROGENATEDBASES ADD CONSTRAINT first_aminoacid_nitrogenatedbase_id_pk FOREIGN KEY (FIRST_NITROGENATEDBASE_SYMBOL) REFERENCES NITROGENATED_BASES(NITROGENATEDBASE_SYMBOL) ON DELETE CASCADE;
ALTER TABLE AMINOACIDS_NITROGENATEDBASES ADD CONSTRAINT second_aminoacid_nitrogenatedbase_id_pk FOREIGN KEY (SECOND_NITROGENATEDBASE_SYMBOL) REFERENCES NITROGENATED_BASES(NITROGENATEDBASE_SYMBOL) ON DELETE CASCADE;
ALTER TABLE AMINOACIDS_NITROGENATEDBASES ADD CONSTRAINT third_aminoacid_nitrogenatedbase_id_pk FOREIGN KEY (THIRD_NITROGENATEDBASE_SYMBOL) REFERENCES NITROGENATED_BASES(NITROGENATEDBASE_SYMBOL) ON DELETE CASCADE;

COMMENT ON TABLE AMINOACIDS_NITROGENATEDBASES IS 'The nitrogenous bases corresponding to its codon.';

INSERT INTO AMINOACIDS_NITROGENATEDBASES (CODON, FIRST_NITROGENATEDBASE_SYMBOL, SECOND_NITROGENATEDBASE_SYMBOL, THIRD_NITROGENATEDBASE_SYMBOL) VALUES ('AUA', 'A', 'U', 'A');
INSERT INTO AMINOACIDS_NITROGENATEDBASES (CODON, FIRST_NITROGENATEDBASE_SYMBOL, SECOND_NITROGENATEDBASE_SYMBOL, THIRD_NITROGENATEDBASE_SYMBOL) VALUES ('AUC', 'A', 'U', 'C');
INSERT INTO AMINOACIDS_NITROGENATEDBASES (CODON, FIRST_NITROGENATEDBASE_SYMBOL, SECOND_NITROGENATEDBASE_SYMBOL, THIRD_NITROGENATEDBASE_SYMBOL) VALUES ('AUU', 'A', 'U', 'U');
INSERT INTO AMINOACIDS_NITROGENATEDBASES (CODON, FIRST_NITROGENATEDBASE_SYMBOL, SECOND_NITROGENATEDBASE_SYMBOL, THIRD_NITROGENATEDBASE_SYMBOL) VALUES ('AUG', 'A', 'U', 'G');
INSERT INTO AMINOACIDS_NITROGENATEDBASES (CODON, FIRST_NITROGENATEDBASE_SYMBOL, SECOND_NITROGENATEDBASE_SYMBOL, THIRD_NITROGENATEDBASE_SYMBOL) VALUES ('ACA', 'A', 'C', 'A');
INSERT INTO AMINOACIDS_NITROGENATEDBASES (CODON, FIRST_NITROGENATEDBASE_SYMBOL, SECOND_NITROGENATEDBASE_SYMBOL, THIRD_NITROGENATEDBASE_SYMBOL) VALUES ('ACC', 'A', 'C', 'C');
INSERT INTO AMINOACIDS_NITROGENATEDBASES (CODON, FIRST_NITROGENATEDBASE_SYMBOL, SECOND_NITROGENATEDBASE_SYMBOL, THIRD_NITROGENATEDBASE_SYMBOL) VALUES ('ACG', 'A', 'C', 'G');
INSERT INTO AMINOACIDS_NITROGENATEDBASES (CODON, FIRST_NITROGENATEDBASE_SYMBOL, SECOND_NITROGENATEDBASE_SYMBOL, THIRD_NITROGENATEDBASE_SYMBOL) VALUES ('ACU', 'A', 'C', 'U');
INSERT INTO AMINOACIDS_NITROGENATEDBASES (CODON, FIRST_NITROGENATEDBASE_SYMBOL, SECOND_NITROGENATEDBASE_SYMBOL, THIRD_NITROGENATEDBASE_SYMBOL) VALUES ('AAC', 'A', 'A', 'C');
INSERT INTO AMINOACIDS_NITROGENATEDBASES (CODON, FIRST_NITROGENATEDBASE_SYMBOL, SECOND_NITROGENATEDBASE_SYMBOL, THIRD_NITROGENATEDBASE_SYMBOL) VALUES ('AAU', 'A', 'A', 'U');
INSERT INTO AMINOACIDS_NITROGENATEDBASES (CODON, FIRST_NITROGENATEDBASE_SYMBOL, SECOND_NITROGENATEDBASE_SYMBOL, THIRD_NITROGENATEDBASE_SYMBOL) VALUES ('AAA', 'A', 'A', 'A');
INSERT INTO AMINOACIDS_NITROGENATEDBASES (CODON, FIRST_NITROGENATEDBASE_SYMBOL, SECOND_NITROGENATEDBASE_SYMBOL, THIRD_NITROGENATEDBASE_SYMBOL) VALUES ('AAG', 'A', 'A', 'G');
INSERT INTO AMINOACIDS_NITROGENATEDBASES (CODON, FIRST_NITROGENATEDBASE_SYMBOL, SECOND_NITROGENATEDBASE_SYMBOL, THIRD_NITROGENATEDBASE_SYMBOL) VALUES ('AGC', 'A', 'G', 'C');
INSERT INTO AMINOACIDS_NITROGENATEDBASES (CODON, FIRST_NITROGENATEDBASE_SYMBOL, SECOND_NITROGENATEDBASE_SYMBOL, THIRD_NITROGENATEDBASE_SYMBOL) VALUES ('AGU', 'A', 'G', 'U');
INSERT INTO AMINOACIDS_NITROGENATEDBASES (CODON, FIRST_NITROGENATEDBASE_SYMBOL, SECOND_NITROGENATEDBASE_SYMBOL, THIRD_NITROGENATEDBASE_SYMBOL) VALUES ('AGA', 'A', 'G', 'A');
INSERT INTO AMINOACIDS_NITROGENATEDBASES (CODON, FIRST_NITROGENATEDBASE_SYMBOL, SECOND_NITROGENATEDBASE_SYMBOL, THIRD_NITROGENATEDBASE_SYMBOL) VALUES ('AGG', 'A', 'G', 'G');
INSERT INTO AMINOACIDS_NITROGENATEDBASES (CODON, FIRST_NITROGENATEDBASE_SYMBOL, SECOND_NITROGENATEDBASE_SYMBOL, THIRD_NITROGENATEDBASE_SYMBOL) VALUES ('CUA', 'C', 'U', 'A');
INSERT INTO AMINOACIDS_NITROGENATEDBASES (CODON, FIRST_NITROGENATEDBASE_SYMBOL, SECOND_NITROGENATEDBASE_SYMBOL, THIRD_NITROGENATEDBASE_SYMBOL) VALUES ('CUC', 'C', 'U', 'C');
INSERT INTO AMINOACIDS_NITROGENATEDBASES (CODON, FIRST_NITROGENATEDBASE_SYMBOL, SECOND_NITROGENATEDBASE_SYMBOL, THIRD_NITROGENATEDBASE_SYMBOL) VALUES ('CUG', 'C', 'U', 'G');
INSERT INTO AMINOACIDS_NITROGENATEDBASES (CODON, FIRST_NITROGENATEDBASE_SYMBOL, SECOND_NITROGENATEDBASE_SYMBOL, THIRD_NITROGENATEDBASE_SYMBOL) VALUES ('CUU', 'C', 'U', 'U');
INSERT INTO AMINOACIDS_NITROGENATEDBASES (CODON, FIRST_NITROGENATEDBASE_SYMBOL, SECOND_NITROGENATEDBASE_SYMBOL, THIRD_NITROGENATEDBASE_SYMBOL) VALUES ('CCA', 'C', 'C', 'A');
INSERT INTO AMINOACIDS_NITROGENATEDBASES (CODON, FIRST_NITROGENATEDBASE_SYMBOL, SECOND_NITROGENATEDBASE_SYMBOL, THIRD_NITROGENATEDBASE_SYMBOL) VALUES ('CCC', 'C', 'C', 'C');
INSERT INTO AMINOACIDS_NITROGENATEDBASES (CODON, FIRST_NITROGENATEDBASE_SYMBOL, SECOND_NITROGENATEDBASE_SYMBOL, THIRD_NITROGENATEDBASE_SYMBOL) VALUES ('CCG', 'C', 'C', 'G');
INSERT INTO AMINOACIDS_NITROGENATEDBASES (CODON, FIRST_NITROGENATEDBASE_SYMBOL, SECOND_NITROGENATEDBASE_SYMBOL, THIRD_NITROGENATEDBASE_SYMBOL) VALUES ('CCU', 'C', 'C', 'U');
INSERT INTO AMINOACIDS_NITROGENATEDBASES (CODON, FIRST_NITROGENATEDBASE_SYMBOL, SECOND_NITROGENATEDBASE_SYMBOL, THIRD_NITROGENATEDBASE_SYMBOL) VALUES ('CAC', 'C', 'A', 'C');
INSERT INTO AMINOACIDS_NITROGENATEDBASES (CODON, FIRST_NITROGENATEDBASE_SYMBOL, SECOND_NITROGENATEDBASE_SYMBOL, THIRD_NITROGENATEDBASE_SYMBOL) VALUES ('CAU', 'C', 'A', 'U');
INSERT INTO AMINOACIDS_NITROGENATEDBASES (CODON, FIRST_NITROGENATEDBASE_SYMBOL, SECOND_NITROGENATEDBASE_SYMBOL, THIRD_NITROGENATEDBASE_SYMBOL) VALUES ('CAA', 'C', 'A', 'A');
INSERT INTO AMINOACIDS_NITROGENATEDBASES (CODON, FIRST_NITROGENATEDBASE_SYMBOL, SECOND_NITROGENATEDBASE_SYMBOL, THIRD_NITROGENATEDBASE_SYMBOL) VALUES ('CAG', 'C', 'A', 'G');
INSERT INTO AMINOACIDS_NITROGENATEDBASES (CODON, FIRST_NITROGENATEDBASE_SYMBOL, SECOND_NITROGENATEDBASE_SYMBOL, THIRD_NITROGENATEDBASE_SYMBOL) VALUES ('CGA', 'C', 'G', 'A');
INSERT INTO AMINOACIDS_NITROGENATEDBASES (CODON, FIRST_NITROGENATEDBASE_SYMBOL, SECOND_NITROGENATEDBASE_SYMBOL, THIRD_NITROGENATEDBASE_SYMBOL) VALUES ('CGC', 'C', 'G', 'C');
INSERT INTO AMINOACIDS_NITROGENATEDBASES (CODON, FIRST_NITROGENATEDBASE_SYMBOL, SECOND_NITROGENATEDBASE_SYMBOL, THIRD_NITROGENATEDBASE_SYMBOL) VALUES ('CGG', 'C', 'G', 'G');
INSERT INTO AMINOACIDS_NITROGENATEDBASES (CODON, FIRST_NITROGENATEDBASE_SYMBOL, SECOND_NITROGENATEDBASE_SYMBOL, THIRD_NITROGENATEDBASE_SYMBOL) VALUES ('CGU', 'G', 'G', 'U');
INSERT INTO AMINOACIDS_NITROGENATEDBASES (CODON, FIRST_NITROGENATEDBASE_SYMBOL, SECOND_NITROGENATEDBASE_SYMBOL, THIRD_NITROGENATEDBASE_SYMBOL) VALUES ('GUA', 'G', 'U', 'A');
INSERT INTO AMINOACIDS_NITROGENATEDBASES (CODON, FIRST_NITROGENATEDBASE_SYMBOL, SECOND_NITROGENATEDBASE_SYMBOL, THIRD_NITROGENATEDBASE_SYMBOL) VALUES ('GUC', 'G', 'U', 'C');
INSERT INTO AMINOACIDS_NITROGENATEDBASES (CODON, FIRST_NITROGENATEDBASE_SYMBOL, SECOND_NITROGENATEDBASE_SYMBOL, THIRD_NITROGENATEDBASE_SYMBOL) VALUES ('GUG', 'G', 'U', 'G');
INSERT INTO AMINOACIDS_NITROGENATEDBASES (CODON, FIRST_NITROGENATEDBASE_SYMBOL, SECOND_NITROGENATEDBASE_SYMBOL, THIRD_NITROGENATEDBASE_SYMBOL) VALUES ('GUU', 'G', 'U', 'U');
INSERT INTO AMINOACIDS_NITROGENATEDBASES (CODON, FIRST_NITROGENATEDBASE_SYMBOL, SECOND_NITROGENATEDBASE_SYMBOL, THIRD_NITROGENATEDBASE_SYMBOL) VALUES ('GCA', 'G', 'C', 'A');
INSERT INTO AMINOACIDS_NITROGENATEDBASES (CODON, FIRST_NITROGENATEDBASE_SYMBOL, SECOND_NITROGENATEDBASE_SYMBOL, THIRD_NITROGENATEDBASE_SYMBOL) VALUES ('GCC', 'G', 'C', 'C');
INSERT INTO AMINOACIDS_NITROGENATEDBASES (CODON, FIRST_NITROGENATEDBASE_SYMBOL, SECOND_NITROGENATEDBASE_SYMBOL, THIRD_NITROGENATEDBASE_SYMBOL) VALUES ('GCG', 'G', 'C', 'G');
INSERT INTO AMINOACIDS_NITROGENATEDBASES (CODON, FIRST_NITROGENATEDBASE_SYMBOL, SECOND_NITROGENATEDBASE_SYMBOL, THIRD_NITROGENATEDBASE_SYMBOL) VALUES ('GCU', 'G', 'C', 'U');
INSERT INTO AMINOACIDS_NITROGENATEDBASES (CODON, FIRST_NITROGENATEDBASE_SYMBOL, SECOND_NITROGENATEDBASE_SYMBOL, THIRD_NITROGENATEDBASE_SYMBOL) VALUES ('GAC', 'G', 'A', 'C');
INSERT INTO AMINOACIDS_NITROGENATEDBASES (CODON, FIRST_NITROGENATEDBASE_SYMBOL, SECOND_NITROGENATEDBASE_SYMBOL, THIRD_NITROGENATEDBASE_SYMBOL) VALUES ('GAU', 'G', 'A', 'U');
INSERT INTO AMINOACIDS_NITROGENATEDBASES (CODON, FIRST_NITROGENATEDBASE_SYMBOL, SECOND_NITROGENATEDBASE_SYMBOL, THIRD_NITROGENATEDBASE_SYMBOL) VALUES ('GAA', 'G', 'A', 'A');
INSERT INTO AMINOACIDS_NITROGENATEDBASES (CODON, FIRST_NITROGENATEDBASE_SYMBOL, SECOND_NITROGENATEDBASE_SYMBOL, THIRD_NITROGENATEDBASE_SYMBOL) VALUES ('GAG', 'G', 'A', 'G');
INSERT INTO AMINOACIDS_NITROGENATEDBASES (CODON, FIRST_NITROGENATEDBASE_SYMBOL, SECOND_NITROGENATEDBASE_SYMBOL, THIRD_NITROGENATEDBASE_SYMBOL) VALUES ('GGA', 'G', 'G', 'A');
INSERT INTO AMINOACIDS_NITROGENATEDBASES (CODON, FIRST_NITROGENATEDBASE_SYMBOL, SECOND_NITROGENATEDBASE_SYMBOL, THIRD_NITROGENATEDBASE_SYMBOL) VALUES ('GGC', 'G', 'G', 'C');
INSERT INTO AMINOACIDS_NITROGENATEDBASES (CODON, FIRST_NITROGENATEDBASE_SYMBOL, SECOND_NITROGENATEDBASE_SYMBOL, THIRD_NITROGENATEDBASE_SYMBOL) VALUES ('GGG', 'G', 'G', 'G');
INSERT INTO AMINOACIDS_NITROGENATEDBASES (CODON, FIRST_NITROGENATEDBASE_SYMBOL, SECOND_NITROGENATEDBASE_SYMBOL, THIRD_NITROGENATEDBASE_SYMBOL) VALUES ('GGU', 'G', 'G', 'U');
INSERT INTO AMINOACIDS_NITROGENATEDBASES (CODON, FIRST_NITROGENATEDBASE_SYMBOL, SECOND_NITROGENATEDBASE_SYMBOL, THIRD_NITROGENATEDBASE_SYMBOL) VALUES ('UCA', 'U', 'C', 'A');
INSERT INTO AMINOACIDS_NITROGENATEDBASES (CODON, FIRST_NITROGENATEDBASE_SYMBOL, SECOND_NITROGENATEDBASE_SYMBOL, THIRD_NITROGENATEDBASE_SYMBOL) VALUES ('UCC', 'U', 'C', 'C');
INSERT INTO AMINOACIDS_NITROGENATEDBASES (CODON, FIRST_NITROGENATEDBASE_SYMBOL, SECOND_NITROGENATEDBASE_SYMBOL, THIRD_NITROGENATEDBASE_SYMBOL) VALUES ('UCG', 'U', 'C', 'G');
INSERT INTO AMINOACIDS_NITROGENATEDBASES (CODON, FIRST_NITROGENATEDBASE_SYMBOL, SECOND_NITROGENATEDBASE_SYMBOL, THIRD_NITROGENATEDBASE_SYMBOL) VALUES ('UCU', 'U', 'C', 'U');
INSERT INTO AMINOACIDS_NITROGENATEDBASES (CODON, FIRST_NITROGENATEDBASE_SYMBOL, SECOND_NITROGENATEDBASE_SYMBOL, THIRD_NITROGENATEDBASE_SYMBOL) VALUES ('UUC', 'U', 'U', 'C');
INSERT INTO AMINOACIDS_NITROGENATEDBASES (CODON, FIRST_NITROGENATEDBASE_SYMBOL, SECOND_NITROGENATEDBASE_SYMBOL, THIRD_NITROGENATEDBASE_SYMBOL) VALUES ('UUU', 'U', 'U', 'U');
INSERT INTO AMINOACIDS_NITROGENATEDBASES (CODON, FIRST_NITROGENATEDBASE_SYMBOL, SECOND_NITROGENATEDBASE_SYMBOL, THIRD_NITROGENATEDBASE_SYMBOL) VALUES ('UUA', 'U', 'U', 'A');
INSERT INTO AMINOACIDS_NITROGENATEDBASES (CODON, FIRST_NITROGENATEDBASE_SYMBOL, SECOND_NITROGENATEDBASE_SYMBOL, THIRD_NITROGENATEDBASE_SYMBOL) VALUES ('UUG', 'U', 'U', 'G');
INSERT INTO AMINOACIDS_NITROGENATEDBASES (CODON, FIRST_NITROGENATEDBASE_SYMBOL, SECOND_NITROGENATEDBASE_SYMBOL, THIRD_NITROGENATEDBASE_SYMBOL) VALUES ('UAC', 'U', 'A', 'C');
INSERT INTO AMINOACIDS_NITROGENATEDBASES (CODON, FIRST_NITROGENATEDBASE_SYMBOL, SECOND_NITROGENATEDBASE_SYMBOL, THIRD_NITROGENATEDBASE_SYMBOL) VALUES ('UAU', 'U', 'A', 'U');
INSERT INTO AMINOACIDS_NITROGENATEDBASES (CODON, FIRST_NITROGENATEDBASE_SYMBOL, SECOND_NITROGENATEDBASE_SYMBOL, THIRD_NITROGENATEDBASE_SYMBOL) VALUES ('UAA', 'U', 'A', 'A');
INSERT INTO AMINOACIDS_NITROGENATEDBASES (CODON, FIRST_NITROGENATEDBASE_SYMBOL, SECOND_NITROGENATEDBASE_SYMBOL, THIRD_NITROGENATEDBASE_SYMBOL) VALUES ('UAG', 'U', 'A', 'G');
INSERT INTO AMINOACIDS_NITROGENATEDBASES (CODON, FIRST_NITROGENATEDBASE_SYMBOL, SECOND_NITROGENATEDBASE_SYMBOL, THIRD_NITROGENATEDBASE_SYMBOL) VALUES ('UGC', 'U', 'G', 'C');
INSERT INTO AMINOACIDS_NITROGENATEDBASES (CODON, FIRST_NITROGENATEDBASE_SYMBOL, SECOND_NITROGENATEDBASE_SYMBOL, THIRD_NITROGENATEDBASE_SYMBOL) VALUES ('UGU', 'U', 'G', 'U');
INSERT INTO AMINOACIDS_NITROGENATEDBASES (CODON, FIRST_NITROGENATEDBASE_SYMBOL, SECOND_NITROGENATEDBASE_SYMBOL, THIRD_NITROGENATEDBASE_SYMBOL) VALUES ('UGA', 'U', 'G', 'A');
INSERT INTO AMINOACIDS_NITROGENATEDBASES (CODON, FIRST_NITROGENATEDBASE_SYMBOL, SECOND_NITROGENATEDBASE_SYMBOL, THIRD_NITROGENATEDBASE_SYMBOL) VALUES ('UGG', 'U', 'G', 'G');

